-- ============================================================
-- INSERT DATA FOR: users (50 records)
-- ============================================================
INSERT INTO `users` (`id`, `name`, `email`, `passwordHash`, `avatar`, `role`, `xp`, `lastActiveAt`, `status`, `createdAt`, `updatedAt`, `deletedAt`) VALUES
('user001', 'Nguyen Van A', 'nguyenvana@example.com', '$2b$10$examplehash1', 'https://example.com/avatar1.jpg', 'student', 150, '2023-10-01 10:00:00', 'active', '2023-09-01 08:00:00', '2023-10-01 10:00:00', NULL),
('user002', 'Tran Thi B', 'tranthib@example.com', '$2b$10$examplehash2', 'https://example.com/avatar2.jpg', 'student', 200, '2023-10-02 11:00:00', 'active', '2023-09-02 09:00:00', '2023-10-02 11:00:00', NULL),
('user003', 'Le Van C', 'levanc@example.com', '$2b$10$examplehash3', 'https://example.com/avatar3.jpg', 'admin', 500, '2023-10-03 12:00:00', 'active', '2023-09-03 10:00:00', '2023-10-03 12:00:00', NULL),
('user004', 'Pham Thi D', 'phamthid@example.com', '$2b$10$examplehash4', 'https://example.com/avatar4.jpg', 'student', 75, '2023-10-04 13:00:00', 'active', '2023-09-04 11:00:00', '2023-10-04 13:00:00', NULL),
('user005', 'Hoang Van E', 'hoangvane@example.com', '$2b$10$examplehash5', 'https://example.com/avatar5.jpg', 'student', 300, '2023-10-05 14:00:00', 'inactive', '2023-09-05 12:00:00', '2023-10-05 14:00:00', NULL),
('user006', 'Vo Thi F', 'vothif@example.com', '$2b$10$examplehash6', 'https://example.com/avatar6.jpg', 'student', 120, '2023-10-06 15:00:00', 'active', '2023-09-06 13:00:00', '2023-10-06 15:00:00', NULL),
('user007', 'Dinh Van G', 'dinhvang@example.com', '$2b$10$examplehash7', 'https://example.com/avatar7.jpg', 'student', 180, '2023-10-07 16:00:00', 'active', '2023-09-07 14:00:00', '2023-10-07 16:00:00', NULL),
('user008', 'Bui Thi H', 'buithih@example.com', '$2b$10$examplehash8', 'https://example.com/avatar8.jpg', 'admin', 600, '2023-10-08 17:00:00', 'active', '2023-09-08 15:00:00', '2023-10-08 17:00:00', NULL),
('user009', 'Do Van I', 'dovani@example.com', '$2b$10$examplehash9', 'https://example.com/avatar9.jpg', 'student', 90, '2023-10-09 18:00:00', 'suspended', '2023-09-09 16:00:00', '2023-10-09 18:00:00', NULL),
('user010', 'Nguyen Thi J', 'nguyenthij@example.com', '$2b$10$examplehash10', 'https://example.com/avatar10.jpg', 'student', 250, '2023-10-10 19:00:00', 'active', '2023-09-10 17:00:00', '2023-10-10 19:00:00', NULL),
('user011', 'Tran Van K', 'tranvank@example.com', '$2b$10$examplehash11', 'https://example.com/avatar11.jpg', 'student', 110, '2023-10-11 20:00:00', 'active', '2023-09-11 18:00:00', '2023-10-11 20:00:00', NULL),
('user012', 'Le Thi L', 'lethil@example.com', '$2b$10$examplehash12', 'https://example.com/avatar12.jpg', 'student', 160, '2023-10-12 21:00:00', 'active', '2023-09-12 19:00:00', '2023-10-12 21:00:00', NULL),
('user013', 'Pham Van M', 'phamvanm@example.com', '$2b$10$examplehash13', 'https://example.com/avatar13.jpg', 'student', 220, '2023-10-13 22:00:00', 'inactive', '2023-09-13 20:00:00', '2023-10-13 22:00:00', NULL),
('user014', 'Hoang Thi N', 'hoangthin@example.com', '$2b$10$examplehash14', 'https://example.com/avatar14.jpg', 'student', 80, '2023-10-14 23:00:00', 'active', '2023-09-14 21:00:00', '2023-10-14 23:00:00', NULL),
('user015', 'Vo Van O', 'vovano@example.com', '$2b$10$examplehash15', 'https://example.com/avatar15.jpg', 'student', 190, '2023-10-15 00:00:00', 'active', '2023-09-15 22:00:00', '2023-10-15 00:00:00', NULL),
('user016', 'Dinh Thi P', 'dinhthip@example.com', '$2b$10$examplehash16', 'https://example.com/avatar16.jpg', 'student', 140, '2023-10-16 01:00:00', 'active', '2023-09-16 23:00:00', '2023-10-16 01:00:00', NULL),
('user017', 'Bui Van Q', 'buivanq@example.com', '$2b$10$examplehash17', 'https://example.com/avatar17.jpg', 'student', 270, '2023-10-17 02:00:00', 'active', '2023-09-17 00:00:00', '2023-10-17 02:00:00', NULL),
('user018', 'Do Thi R', 'dothir@example.com', '$2b$10$examplehash18', 'https://example.com/avatar18.jpg', 'student', 100, '2023-10-18 03:00:00', 'suspended', '2023-09-18 01:00:00', '2023-10-18 03:00:00', NULL),
('user019', 'Nguyen Van S', 'nguyenvans@example.com', '$2b$10$examplehash19', 'https://example.com/avatar19.jpg', 'student', 320, '2023-10-19 04:00:00', 'active', '2023-09-19 02:00:00', '2023-10-19 04:00:00', NULL),
('user020', 'Tran Thi T', 'tranthit@example.com', '$2b$10$examplehash20', 'https://example.com/avatar20.jpg', 'student', 130, '2023-10-20 05:00:00', 'active', '2023-09-20 03:00:00', '2023-10-20 05:00:00', NULL),
('user021', 'Le Van U', 'levanu@example.com', '$2b$10$examplehash21', 'https://example.com/avatar21.jpg', 'student', 170, '2023-10-21 06:00:00', 'active', '2023-09-21 04:00:00', '2023-10-21 06:00:00', NULL),
('user022', 'Pham Thi V', 'phamthiv@example.com', '$2b$10$examplehash22', 'https://example.com/avatar22.jpg', 'student', 240, '2023-10-22 07:00:00', 'inactive', '2023-09-22 05:00:00', '2023-10-22 07:00:00', NULL),
('user023', 'Hoang Van W', 'hoangvanw@example.com', '$2b$10$examplehash23', 'https://example.com/avatar23.jpg', 'student', 85, '2023-10-23 08:00:00', 'active', '2023-09-23 06:00:00', '2023-10-23 08:00:00', NULL),
('user024', 'Vo Thi X', 'vothix@example.com', '$2b$10$examplehash24', 'https://example.com/avatar24.jpg', 'student', 195, '2023-10-24 09:00:00', 'active', '2023-09-24 07:00:00', '2023-10-24 09:00:00', NULL),
('user025', 'Dinh Van Y', 'dinhvany@example.com', '$2b$10$examplehash25', 'https://example.com/avatar25.jpg', 'student', 145, '2023-10-25 10:00:00', 'active', '2023-09-25 08:00:00', '2023-10-25 10:00:00', NULL),
('user026', 'Bui Thi Z', 'buithiz@example.com', '$2b$10$examplehash26', 'https://example.com/avatar26.jpg', 'student', 275, '2023-10-26 11:00:00', 'active', '2023-09-26 09:00:00', '2023-10-26 11:00:00', NULL),
('user027', 'Do Van AA', 'dovanaa@example.com', '$2b$10$examplehash27', 'https://example.com/avatar27.jpg', 'student', 105, '2023-10-27 12:00:00', 'suspended', '2023-09-27 10:00:00', '2023-10-27 12:00:00', NULL),
('user028', 'Nguyen Thi BB', 'nguyenthibb@example.com', '$2b$10$examplehash28', 'https://example.com/avatar28.jpg', 'student', 330, '2023-10-28 13:00:00', 'active', '2023-09-28 11:00:00', '2023-10-28 13:00:00', NULL),
('user029', 'Tran Van CC', 'tranvancc@example.com', '$2b$10$examplehash29', 'https://example.com/avatar29.jpg', 'student', 135, '2023-10-29 14:00:00', 'active', '2023-09-29 12:00:00', '2023-10-29 14:00:00', NULL),
('user030', 'Le Thi DD', 'lethidd@example.com', '$2b$10$examplehash30', 'https://example.com/avatar30.jpg', 'student', 175, '2023-10-30 15:00:00', 'active', '2023-09-30 13:00:00', '2023-10-30 15:00:00', NULL),
('user031', 'Pham Van EE', 'phamvanee@example.com', '$2b$10$examplehash31', 'https://example.com/avatar31.jpg', 'student', 245, '2023-10-31 16:00:00', 'inactive', '2023-10-01 14:00:00', '2023-10-31 16:00:00', NULL),
('user032', 'Hoang Thi FF', 'hoangthiff@example.com', '$2b$10$examplehash32', 'https://example.com/avatar32.jpg', 'student', 95, '2023-11-01 17:00:00', 'active', '2023-10-02 15:00:00', '2023-11-01 17:00:00', NULL),
('user033', 'Vo Van GG', 'vovangg@example.com', '$2b$10$examplehash33', 'https://example.com/avatar33.jpg', 'student', 205, '2023-11-02 18:00:00', 'active', '2023-10-03 16:00:00', '2023-11-02 18:00:00', NULL),
('user034', 'Dinh Thi HH', 'dinhthihh@example.com', '$2b$10$examplehash34', 'https://example.com/avatar34.jpg', 'student', 155, '2023-11-03 19:00:00', 'active', '2023-10-04 17:00:00', '2023-11-03 19:00:00', NULL),
('user035', 'Bui Van II', 'buivanii@example.com', '$2b$10$examplehash35', 'https://example.com/avatar35.jpg', 'student', 285, '2023-11-04 20:00:00', 'active', '2023-10-05 18:00:00', '2023-11-04 20:00:00', NULL),
('user036', 'Do Thi JJ', 'dothijj@example.com', '$2b$10$examplehash36', 'https://example.com/avatar36.jpg', 'student', 115, '2023-11-05 21:00:00', 'suspended', '2023-10-06 19:00:00', '2023-11-05 21:00:00', NULL),
('user037', 'Nguyen Van KK', 'nguyenvankk@example.com', '$2b$10$examplehash37', 'https://example.com/avatar37.jpg', 'student', 340, '2023-11-06 22:00:00', 'active', '2023-10-07 20:00:00', '2023-11-06 22:00:00', NULL),
('user038', 'Tran Thi LL', 'tranthill@example.com', '$2b$10$examplehash38', 'https://example.com/avatar38.jpg', 'student', 165, '2023-11-07 23:00:00', 'active', '2023-10-08 21:00:00', '2023-11-07 23:00:00', NULL),
('user039', 'Le Van MM', 'levanmm@example.com', '$2b$10$examplehash39', 'https://example.com/avatar39.jpg', 'student', 225, '2023-11-08 00:00:00', 'inactive', '2023-10-09 22:00:00', '2023-11-08 00:00:00', NULL),
('user040', 'Pham Thi NN', 'phamthinn@example.com', '$2b$10$examplehash40', 'https://example.com/avatar40.jpg', 'student', 125, '2023-11-09 01:00:00', 'active', '2023-10-10 23:00:00', '2023-11-09 01:00:00', NULL),
('user041', 'Hoang Van OO', 'hoangvanoo@example.com', '$2b$10$examplehash41', 'https://example.com/avatar41.jpg', 'student', 255, '2023-11-10 02:00:00', 'active', '2023-10-11 00:00:00', '2023-11-10 02:00:00', NULL),
('user042', 'Vo Thi PP', 'vothipp@example.com', '$2b$10$examplehash42', 'https://example.com/avatar42.jpg', 'student', 185, '2023-11-11 03:00:00', 'active', '2023-10-12 01:00:00', '2023-11-11 03:00:00', NULL),
('user043', 'Dinh Van QQ', 'dinhvanqq@example.com', '$2b$10$examplehash43', 'https://example.com/avatar43.jpg', 'student', 215, '2023-11-12 04:00:00', 'active', '2023-10-13 02:00:00', '2023-11-12 04:00:00', NULL),
('user044', 'Bui Thi RR', 'buithirr@example.com', '$2b$10$examplehash44', 'https://example.com/avatar44.jpg', 'student', 295, '2023-11-13 05:00:00', 'active', '2023-10-14 03:00:00', '2023-11-13 05:00:00', NULL),
('user045', 'Do Van SS', 'dovanss@example.com', '$2b$10$examplehash45', 'https://example.com/avatar45.jpg', 'student', 235, '2023-11-14 06:00:00', 'suspended', '2023-10-15 04:00:00', '2023-11-14 06:00:00', NULL),
('user046', 'Nguyen Thi TT', 'nguyenthitt@example.com', '$2b$10$examplehash46', 'https://example.com/avatar46.jpg', 'student', 265, '2023-11-15 07:00:00', 'active', '2023-10-16 05:00:00', '2023-11-15 07:00:00', NULL),
('user047', 'Tran Van UU', 'tranvanuu@example.com', '$2b$10$examplehash47', 'https://example.com/avatar47.jpg', 'student', 305, '2023-11-16 08:00:00', 'active', '2023-10-17 06:00:00', '2023-11-16 08:00:00', NULL),
('user048', 'Le Thi VV', 'lethivv@example.com', '$2b$10$examplehash48', 'https://example.com/avatar48.jpg', 'student', 315, '2023-11-17 09:00:00', 'active', '2023-10-18 07:00:00', '2023-11-17 09:00:00', NULL),
('user049', 'Pham Van WW', 'phamvanww@example.com', '$2b$10$examplehash49', 'https://example.com/avatar49.jpg', 'student', 325, '2023-11-18 10:00:00', 'inactive', '2023-10-19 08:00:00', '2023-11-18 10:00:00', NULL),
('user050', 'Hoang Thi XX', 'hoangthixx@example.com', '$2b$10$examplehash50', 'https://example.com/avatar50.jpg', 'student', 335, '2023-11-19 11:00:00', 'active', '2023-10-20 09:00:00', '2023-11-19 11:00:00', NULL);

-- ============================================================
-- INSERT DATA FOR: refresh_tokens (50 records)
-- ============================================================
INSERT INTO `refresh_tokens` (`id`, `userId`, `token`, `expiresAt`, `revokedAt`, `createdAt`) VALUES
('token001', 'user001', 'refresh_token_001', '2024-10-01 10:00:00', NULL, '2023-10-01 10:00:00'),
('token002', 'user002', 'refresh_token_002', '2024-10-02 11:00:00', NULL, '2023-10-02 11:00:00'),
('token003', 'user003', 'refresh_token_003', '2024-10-03 12:00:00', NULL, '2023-10-03 12:00:00'),
('token004', 'user004', 'refresh_token_004', '2024-10-04 13:00:00', NULL, '2023-10-04 13:00:00'),
('token005', 'user005', 'refresh_token_005', '2024-10-05 14:00:00', NULL, '2023-10-05 14:00:00'),
('token006', 'user006', 'refresh_token_006', '2024-10-06 15:00:00', NULL, '2023-10-06 15:00:00'),
('token007', 'user007', 'refresh_token_007', '2024-10-07 16:00:00', NULL, '2023-10-07 16:00:00'),
('token008', 'user008', 'refresh_token_008', '2024-10-08 17:00:00', NULL, '2023-10-08 17:00:00'),
('token009', 'user009', 'refresh_token_009', '2024-10-09 18:00:00', NULL, '2023-10-09 18:00:00'),
('token010', 'user010', 'refresh_token_010', '2024-10-10 19:00:00', NULL, '2023-10-10 19:00:00'),
('token011', 'user011', 'refresh_token_011', '2024-10-11 20:00:00', NULL, '2023-10-11 20:00:00'),
('token012', 'user012', 'refresh_token_012', '2024-10-12 21:00:00', NULL, '2023-10-12 21:00:00'),
('token013', 'user013', 'refresh_token_013', '2024-10-13 22:00:00', NULL, '2023-10-13 22:00:00'),
('token014', 'user014', 'refresh_token_014', '2024-10-14 23:00:00', NULL, '2023-10-14 23:00:00'),
('token015', 'user015', 'refresh_token_015', '2024-10-15 00:00:00', NULL, '2023-10-15 00:00:00'),
('token016', 'user016', 'refresh_token_016', '2024-10-16 01:00:00', NULL, '2023-10-16 01:00:00'),
('token017', 'user017', 'refresh_token_017', '2024-10-17 02:00:00', NULL, '2023-10-17 02:00:00'),
('token018', 'user018', 'refresh_token_018', '2024-10-18 03:00:00', NULL, '2023-10-18 03:00:00'),
('token019', 'user019', 'refresh_token_019', '2024-10-19 04:00:00', NULL, '2023-10-19 04:00:00'),
('token020', 'user020', 'refresh_token_020', '2024-10-20 05:00:00', NULL, '2023-10-20 05:00:00'),
('token021', 'user021', 'refresh_token_021', '2024-10-21 06:00:00', NULL, '2023-10-21 06:00:00'),
('token022', 'user022', 'refresh_token_022', '2024-10-22 07:00:00', NULL, '2023-10-22 07:00:00'),
('token023', 'user023', 'refresh_token_023', '2024-10-23 08:00:00', NULL, '2023-10-23 08:00:00'),
('token024', 'user024', 'refresh_token_024', '2024-10-24 09:00:00', NULL, '2023-10-24 09:00:00'),
('token025', 'user025', 'refresh_token_025', '2024-10-25 10:00:00', NULL, '2023-10-25 10:00:00'),
('token026', 'user026', 'refresh_token_026', '2024-10-26 11:00:00', NULL, '2023-10-26 11:00:00'),
('token027', 'user027', 'refresh_token_027', '2024-10-27 12:00:00', NULL, '2023-10-27 12:00:00'),
('token028', 'user028', 'refresh_token_028', '2024-10-28 13:00:00', NULL, '2023-10-28 13:00:00'),
('token029', 'user029', 'refresh_token_029', '2024-10-29 14:00:00', NULL, '2023-10-29 14:00:00'),
('token030', 'user030', 'refresh_token_030', '2024-10-30 15:00:00', NULL, '2023-10-30 15:00:00'),
('token031', 'user031', 'refresh_token_031', '2024-10-31 16:00:00', NULL, '2023-10-31 16:00:00'),
('token032', 'user032', 'refresh_token_032', '2024-11-01 17:00:00', NULL, '2023-11-01 17:00:00'),
('token033', 'user033', 'refresh_token_033', '2024-11-02 18:00:00', NULL, '2023-11-02 18:00:00'),
('token034', 'user034', 'refresh_token_034', '2024-11-03 19:00:00', NULL, '2023-11-03 19:00:00'),
('token035', 'user035', 'refresh_token_035', '2024-11-04 20:00:00', NULL, '2023-11-04 20:00:00'),
('token036', 'user036', 'refresh_token_036', '2024-11-05 21:00:00', NULL, '2023-11-05 21:00:00'),
('token037', 'user037', 'refresh_token_037', '2024-11-06 22:00:00', NULL, '2023-11-06 22:00:00'),
('token038', 'user038', 'refresh_token_038', '2024-11-07 23:00:00', NULL, '2023-11-07 23:00:00'),
('token039', 'user039', 'refresh_token_039', '2024-11-08 00:00:00', NULL, '2023-11-08 00:00:00'),
('token040', 'user040', 'refresh_token_040', '2024-11-09 01:00:00', NULL, '2023-11-09 01:00:00'),
('token041', 'user041', 'refresh_token_041', '2024-11-10 02:00:00', NULL, '2023-11-10 02:00:00'),
('token042', 'user042', 'refresh_token_042', '2024-11-11 03:00:00', NULL, '2023-11-11 03:00:00'),
('token043', 'user043', 'refresh_token_043', '2024-11-12 04:00:00', NULL, '2023-11-12 04:00:00'),
('token044', 'user044', 'refresh_token_044', '2024-11-13 05:00:00', NULL, '2023-11-13 05:00:00'),
('token045', 'user045', 'refresh_token_045', '2024-11-14 06:00:00', NULL, '2023-11-14 06:00:00'),
('token046', 'user046', 'refresh_token_046', '2024-11-15 07:00:00', NULL, '2023-11-15 07:00:00'),
('token047', 'user047', 'refresh_token_047', '2024-11-16 08:00:00', NULL, '2023-11-16 08:00:00'),
('token048', 'user048', 'refresh_token_048', '2024-11-17 09:00:00', NULL, '2023-11-17 09:00:00'),
('token049', 'user049', 'refresh_token_049', '2024-11-18 10:00:00', NULL, '2023-11-18 10:00:00'),
('token050', 'user050', 'refresh_token_050', '2024-11-19 11:00:00', NULL, '2023-11-19 11:00:00');

-- ============================================================
-- INSERT DATA FOR: courses (50 records)
-- ============================================================
INSERT INTO `courses` (`id`, `title`, `description`, `image`, `price`, `isFree`, `status`, `category`, `createdAt`, `updatedAt`, `deletedAt`) VALUES
('course001', 'Introduction to Happiness', 'Learn to recognize and cultivate happiness in daily life.', 'https://example.com/course1.jpg', 50000, 0, 'published', 'easy', '2023-09-01 08:00:00', '2023-10-01 10:00:00', NULL),
('course002', 'Understanding Sadness', 'Explore the emotions of sadness and how to cope with them.', 'https://example.com/course2.jpg', 60000, 0, 'published', 'easy', '2023-09-02 09:00:00', '2023-10-02 11:00:00', NULL),
('course003', 'Managing Anger', 'Techniques to control and understand anger.', 'https://example.com/course3.jpg', 70000, 0, 'published', 'medium', '2023-09-03 10:00:00', '2023-10-03 12:00:00', NULL),
('course004', 'Fear and Anxiety', 'Overcoming fear and reducing anxiety.', 'https://example.com/course4.jpg', 80000, 0, 'published', 'medium', '2023-09-04 11:00:00', '2023-10-04 13:00:00', NULL),
('course005', 'Surprise Emotions', 'How to handle unexpected emotions.', 'https://example.com/course5.jpg', 55000, 0, 'draft', 'easy', '2023-09-05 12:00:00', '2023-10-05 14:00:00', NULL),
('course006', 'Disgust and Reactions', 'Understanding disgust and its triggers.', 'https://example.com/course6.jpg', 65000, 0, 'published', 'easy', '2023-09-06 13:00:00', '2023-10-06 15:00:00', NULL),
('course007', 'Neutral Emotions', 'Maintaining emotional balance.', 'https://example.com/course7.jpg', 75000, 0, 'published', 'medium', '2023-09-07 14:00:00', '2023-10-07 16:00:00', NULL),
('course008', 'Advanced Happiness', 'Deep dive into positive psychology.', 'https://example.com/course8.jpg', 90000, 0, 'published', 'advanced', '2023-09-08 15:00:00', '2023-10-08 17:00:00', NULL),
('course009', 'Sadness Therapy', 'Therapeutic approaches to sadness.', 'https://example.com/course9.jpg', 85000, 0, 'published', 'advanced', '2023-09-09 16:00:00', '2023-10-09 18:00:00', NULL),
('course010', 'Anger Management', 'Advanced anger control techniques.', 'https://example.com/course10.jpg', 95000, 0, 'published', 'advanced', '2023-09-10 17:00:00', '2023-10-10 19:00:00', NULL),
('course011', 'Fear Therapy', 'Therapeutic methods for fear.', 'https://example.com/course11.jpg', 0, 1, 'published', 'easy', '2023-09-11 18:00:00', '2023-10-11 20:00:00', NULL),
('course012', 'Anxiety Reduction', 'Methods to reduce anxiety levels.', 'https://example.com/course12.jpg', 0, 1, 'published', 'medium', '2023-09-12 19:00:00', '2023-10-12 21:00:00', NULL),
('course013', 'Surprise Handling', 'Dealing with surprising situations.', 'https://example.com/course13.jpg', 0, 1, 'draft', 'easy', '2023-09-13 20:00:00', '2023-10-13 22:00:00', NULL),
('course014', 'Disgust Control', 'Controlling reactions to disgust.', 'https://example.com/course14.jpg', 0, 1, 'published', 'medium', '2023-09-14 21:00:00', '2023-10-14 23:00:00', NULL),
('course015', 'Emotional Balance', 'Achieving emotional equilibrium.', 'https://example.com/course15.jpg', 0, 1, 'published', 'advanced', '2023-09-15 22:00:00', '2023-10-15 00:00:00', NULL),
('course016', 'Positive Thinking', 'Cultivating positive thoughts.', 'https://example.com/course16.jpg', 50000, 0, 'published', 'easy', '2023-09-16 23:00:00', '2023-10-16 01:00:00', NULL),
('course017', 'Sadness Coping', 'Coping mechanisms for sadness.', 'https://example.com/course17.jpg', 60000, 0, 'published', 'easy', '2023-09-17 00:00:00', '2023-10-17 02:00:00', NULL),
('course018', 'Anger Expression', 'Healthy ways to express anger.', 'https://example.com/course18.jpg', 70000, 0, 'published', 'medium', '2023-09-18 01:00:00', '2023-10-18 03:00:00', NULL),
('course019', 'Fear Analysis', 'Analyzing and understanding fears.', 'https://example.com/course19.jpg', 80000, 0, 'published', 'medium', '2023-09-19 02:00:00', '2023-10-19 04:00:00', NULL),
('course020', 'Surprise Benefits', 'Benefits of surprise emotions.', 'https://example.com/course20.jpg', 55000, 0, 'draft', 'easy', '2023-09-20 03:00:00', '2023-10-20 05:00:00', NULL),
('course021', 'Disgust Psychology', 'Psychological aspects of disgust.', 'https://example.com/course21.jpg', 65000, 0, 'published', 'easy', '2023-09-21 04:00:00', '2023-10-21 06:00:00', NULL),
('course022', 'Neutral Mindset', 'Developing a neutral mindset.', 'https://example.com/course22.jpg', 75000, 0, 'published', 'medium', '2023-09-22 05:00:00', '2023-10-22 07:00:00', NULL),
('course023', 'Happiness Science', 'Scientific study of happiness.', 'https://example.com/course23.jpg', 90000, 0, 'published', 'advanced', '2023-09-23 06:00:00', '2023-10-23 08:00:00', NULL),
('course024', 'Sadness Research', 'Research on sadness emotions.', 'https://example.com/course24.jpg', 85000, 0, 'published', 'advanced', '2023-09-24 07:00:00', '2023-10-24 09:00:00', NULL),
('course025', 'Anger Studies', 'Studies on anger management.', 'https://example.com/course25.jpg', 95000, 0, 'published', 'advanced', '2023-09-25 08:00:00', '2023-10-25 10:00:00', NULL),
('course026', 'Fear Therapy', 'Therapeutic methods for fear.', 'https://example.com/course26.jpg', 0, 1, 'published', 'easy', '2023-09-26 09:00:00', '2023-10-26 11:00:00', NULL),
('course027', 'Anxiety Therapy', 'Therapy for anxiety disorders.', 'https://example.com/course27.jpg', 0, 1, 'published', 'medium', '2023-09-27 10:00:00', '2023-10-27 12:00:00', NULL),
('course028', 'Surprise Therapy', 'Therapeutic surprise handling.', 'https://example.com/course28.jpg', 0, 1, 'draft', 'easy', '2023-09-28 11:00:00', '2023-10-28 13:00:00', NULL),
('course029', 'Disgust Therapy', 'Therapy for disgust issues.', 'https://example.com/course29.jpg', 0, 1, 'published', 'medium', '2023-09-29 12:00:00', '2023-10-29 14:00:00', NULL),
('course030', 'Balance Therapy', 'Therapy for emotional balance.', 'https://example.com/course30.jpg', 0, 1, 'published', 'advanced', '2023-09-30 13:00:00', '2023-10-30 15:00:00', NULL),
('course031', 'Thinking Positively', 'Advanced positive thinking.', 'https://example.com/course31.jpg', 50000, 0, 'published', 'easy', '2023-10-01 14:00:00', '2023-10-31 16:00:00', NULL),
('course032', 'Coping with Sadness', 'Advanced coping strategies.', 'https://example.com/course32.jpg', 60000, 0, 'published', 'easy', '2023-10-02 15:00:00', '2023-11-01 17:00:00', NULL),
('course033', 'Expressing Anger', 'Advanced anger expression.', 'https://example.com/course33.jpg', 70000, 0, 'published', 'medium', '2023-10-03 16:00:00', '2023-11-02 18:00:00', NULL),
('course034', 'Analyzing Fear', 'Deep fear analysis.', 'https://example.com/course34.jpg', 80000, 0, 'published', 'medium', '2023-10-04 17:00:00', '2023-11-03 19:00:00', NULL),
('course035', 'Surprise Benefits', 'Advanced surprise benefits.', 'https://example.com/course35.jpg', 55000, 0, 'draft', 'easy', '2023-10-05 18:00:00', '2023-11-04 20:00:00', NULL),
('course036', 'Disgust Psychology', 'Advanced disgust psychology.', 'https://example.com/course36.jpg', 65000, 0, 'published', 'easy', '2023-10-06 19:00:00', '2023-11-05 21:00:00', NULL),
('course037', 'Neutral Mindset', 'Advanced neutral mindset.', 'https://example.com/course37.jpg', 75000, 0, 'published', 'medium', '2023-10-07 20:00:00', '2023-11-06 22:00:00', NULL),
('course038', 'Happiness Science', 'Advanced happiness science.', 'https://example.com/course38.jpg', 90000, 0, 'published', 'advanced', '2023-10-08 21:00:00', '2023-11-07 23:00:00', NULL),
('course039', 'Sadness Research', 'Advanced sadness research.', 'https://example.com/course39.jpg', 85000, 0, 'published', 'advanced', '2023-10-09 22:00:00', '2023-11-08 00:00:00', NULL),
('course040', 'Anger Studies', 'Advanced anger studies.', 'https://example.com/course40.jpg', 95000, 0, 'published', 'advanced', '2023-10-10 23:00:00', '2023-11-09 01:00:00', NULL),
('course041', 'Fear Therapy', 'Advanced fear therapy.', 'https://example.com/course41.jpg', 0, 1, 'published', 'easy', '2023-10-11 00:00:00', '2023-11-10 02:00:00', NULL),
('course042', 'Anxiety Therapy', 'Advanced anxiety therapy.', 'https://example.com/course42.jpg', 0, 1, 'published', 'medium', '2023-10-12 01:00:00', '2023-11-11 03:00:00', NULL),
('course043', 'Surprise Therapy', 'Advanced surprise therapy.', 'https://example.com/course43.jpg', 0, 1, 'draft', 'easy', '2023-10-13 02:00:00', '2023-11-12 04:00:00', NULL),
('course044', 'Disgust Therapy', 'Advanced disgust therapy.', 'https://example.com/course44.jpg', 0, 1, 'published', 'medium', '2023-10-14 03:00:00', '2023-11-13 05:00:00', NULL),
('course045', 'Balance Therapy', 'Advanced balance therapy.', 'https://example.com/course45.jpg', 0, 1, 'published', 'advanced', '2023-10-15 04:00:00', '2023-11-14 06:00:00', NULL),
('course046', 'Positive Thinking', 'Ultimate positive thinking.', 'https://example.com/course46.jpg', 50000, 0, 'published', 'easy', '2023-10-16 05:00:00', '2023-11-15 07:00:00', NULL),
('course047', 'Sadness Coping', 'Ultimate sadness coping.', 'https://example.com/course47.jpg', 60000, 0, 'published', 'easy', '2023-10-17 06:00:00', '2023-11-16 08:00:00', NULL),
('course048', 'Anger Expression', 'Ultimate anger expression.', 'https://example.com/course48.jpg', 70000, 0, 'published', 'medium', '2023-10-18 07:00:00', '2023-11-17 09:00:00', NULL),
('course049', 'Fear Analysis', 'Ultimate fear analysis.', 'https://example.com/course49.jpg', 80000, 0, 'published', 'medium', '2023-10-19 08:00:00', '2023-11-18 10:00:00', NULL),
('course050', 'Surprise Benefits', 'Ultimate surprise benefits.', 'https://example.com/course50.jpg', 55000, 0, 'draft', 'easy', '2023-10-20 09:00:00', '2023-11-19 11:00:00', NULL);

-- ============================================================
-- INSERT DATA FOR: lessons (50 records)
-- ============================================================
INSERT INTO `lessons` (`id`, `courseId`, `title`, `order`, `level`, `duration`, `status`, `createdAt`, `updatedAt`, `deletedAt`) VALUES
('lesson001', 'course001', 'What is Happiness?', 1, 'beginner', 300, 'published', '2023-09-01 08:00:00', '2023-10-01 10:00:00', NULL),
('lesson002', 'course001', 'Recognizing Happy Moments', 2, 'beginner', 250, 'published', '2023-09-02 09:00:00', '2023-10-02 11:00:00', NULL),
('lesson003', 'course002', 'Understanding Sadness', 1, 'beginner', 320, 'published', '2023-09-03 10:00:00', '2023-10-03 12:00:00', NULL),
('lesson004', 'course002', 'Coping with Sadness', 2, 'intermediate', 280, 'published', '2023-09-04 11:00:00', '2023-10-04 13:00:00', NULL),
('lesson005', 'course003', 'Anger Triggers', 1, 'intermediate', 350, 'published', '2023-09-05 12:00:00', '2023-10-05 14:00:00', NULL),
('lesson006', 'course003', 'Managing Anger', 2, 'intermediate', 300, 'published', '2023-09-06 13:00:00', '2023-10-06 15:00:00', NULL),
('lesson007', 'course004', 'Fear Identification', 1, 'intermediate', 270, 'published', '2023-09-07 14:00:00', '2023-10-07 16:00:00', NULL),
('lesson008', 'course004', 'Overcoming Fear', 2, 'advanced', 400, 'published', '2023-09-08 15:00:00', '2023-10-08 17:00:00', NULL),
('lesson009', 'course005', 'Surprise Emotions', 1, 'beginner', 240, 'draft', '2023-09-09 16:00:00', '2023-10-09 18:00:00', NULL),
('lesson010', 'course006', 'Disgust Reactions', 1, 'beginner', 260, 'published', '2023-09-10 17:00:00', '2023-10-10 19:00:00', NULL),
('lesson011', 'course007', 'Neutral Balance', 1, 'intermediate', 290, 'published', '2023-09-11 18:00:00', '2023-10-11 20:00:00', NULL),
('lesson012', 'course008', 'Advanced Happiness', 1, 'advanced', 450, 'published', '2023-09-12 19:00:00', '2023-10-12 21:00:00', NULL),
('lesson013', 'course009', 'Sadness Therapy', 1, 'advanced', 420, 'published', '2023-09-13 20:00:00', '2023-10-13 22:00:00', NULL),
('lesson014', 'course010', 'Anger Management', 1, 'advanced', 480, 'published', '2023-09-14 21:00:00', '2023-10-14 23:00:00', NULL),
('lesson015', 'course011', 'Fear Therapy', 1, 'beginner', 310, 'published', '2023-09-15 22:00:00', '2023-10-15 00:00:00', NULL),
('lesson016', 'course012', 'Anxiety Reduction', 1, 'intermediate', 330, 'published', '2023-09-16 23:00:00', '2023-10-16 01:00:00', NULL),
('lesson017', 'course013', 'Surprise Handling', 1, 'beginner', 250, 'draft', '2023-09-17 00:00:00', '2023-10-17 02:00:00', NULL),
('lesson018', 'course014', 'Disgust Control', 1, 'intermediate', 270, 'published', '2023-09-18 01:00:00', '2023-10-18 03:00:00', NULL),
('lesson019', 'course015', 'Emotional Balance', 1, 'advanced', 360, 'published', '2023-09-19 02:00:00', '2023-10-19 04:00:00', NULL),
('lesson020', 'course016', 'Positive Thinking', 1, 'beginner', 280, 'published', '2023-09-20 03:00:00', '2023-10-20 05:00:00', NULL),
('lesson021', 'course017', 'Sadness Coping', 1, 'beginner', 290, 'published', '2023-09-21 04:00:00', '2023-10-21 06:00:00', NULL),
('lesson022', 'course018', 'Anger Expression', 1, 'intermediate', 320, 'published', '2023-09-22 05:00:00', '2023-10-22 07:00:00', NULL),
('lesson023', 'course019', 'Fear Analysis', 1, 'intermediate', 340, 'published', '2023-09-23 06:00:00', '2023-10-23 08:00:00', NULL),
('lesson024', 'course020', 'Surprise Benefits', 1, 'beginner', 260, 'draft', '2023-09-24 07:00:00', '2023-10-24 09:00:00', NULL),
('lesson025', 'course021', 'Disgust Psychology', 1, 'beginner', 300, 'published', '2023-09-25 08:00:00', '2023-10-25 10:00:00', NULL),
('lesson026', 'course022', 'Neutral Mindset', 1, 'intermediate', 310, 'published', '2023-09-26 09:00:00', '2023-10-26 11:00:00', NULL),
('lesson027', 'course023', 'Happiness Science', 1, 'advanced', 470, 'published', '2023-09-27 10:00:00', '2023-10-27 12:00:00', NULL),
('lesson028', 'course024', 'Sadness Research', 1, 'advanced', 440, 'published', '2023-09-28 11:00:00', '2023-10-28 13:00:00', NULL),
('lesson029', 'course025', 'Anger Studies', 1, 'advanced', 490, 'published', '2023-09-29 12:00:00', '2023-10-29 14:00:00', NULL),
('lesson030', 'course026', 'Fear Therapy', 1, 'beginner', 320, 'published', '2023-09-30 13:00:00', '2023-10-30 15:00:00', NULL),
('lesson031', 'course027', 'Anxiety Therapy', 1, 'intermediate', 340, 'published', '2023-10-01 14:00:00', '2023-10-31 16:00:00', NULL),
('lesson032', 'course028', 'Surprise Therapy', 1, 'beginner', 260, 'draft', '2023-10-02 15:00:00', '2023-11-01 17:00:00', NULL),
('lesson033', 'course029', 'Disgust Therapy', 1, 'intermediate', 280, 'published', '2023-10-03 16:00:00', '2023-11-02 18:00:00', NULL),
('lesson034', 'course030', 'Balance Therapy', 1, 'advanced', 370, 'published', '2023-10-04 17:00:00', '2023-11-03 19:00:00', NULL),
('lesson035', 'course031', 'Thinking Positively', 1, 'beginner', 290, 'published', '2023-10-05 18:00:00', '2023-11-04 20:00:00', NULL),
('lesson036', 'course032', 'Coping with Sadness', 1, 'beginner', 300, 'published', '2023-10-06 19:00:00', '2023-11-05 21:00:00', NULL),
('lesson037', 'course033', 'Expressing Anger', 1, 'intermediate', 330, 'published', '2023-10-07 20:00:00', '2023-11-06 22:00:00', NULL),
('lesson038', 'course034', 'Analyzing Fear', 1, 'intermediate', 350, 'published', '2023-10-08 21:00:00', '2023-11-07 23:00:00', NULL),
('lesson039', 'course035', 'Surprise Benefits', 1, 'beginner', 270, 'draft', '2023-10-09 22:00:00', '2023-11-08 00:00:00', NULL),
('lesson040', 'course036', 'Disgust Psychology', 1, 'beginner', 310, 'published', '2023-10-10 23:00:00', '2023-11-09 01:00:00', NULL),
('lesson041', 'course037', 'Neutral Mindset', 1, 'intermediate', 320, 'published', '2023-10-11 00:00:00', '2023-11-10 02:00:00', NULL),
('lesson042', 'course038', 'Happiness Science', 1, 'advanced', 480, 'published', '2023-10-12 01:00:00', '2023-11-11 03:00:00', NULL),
('lesson043', 'course039', 'Sadness Research', 1, 'advanced', 450, 'published', '2023-10-13 02:00:00', '2023-11-12 04:00:00', NULL),
('lesson044', 'course040', 'Anger Studies', 1, 'advanced', 500, 'published', '2023-10-14 03:00:00', '2023-11-13 05:00:00', NULL),
('lesson045', 'course041', 'Fear Therapy', 1, 'beginner', 330, 'published', '2023-10-15 04:00:00', '2023-11-14 06:00:00', NULL),
('lesson046', 'course042', 'Anxiety Therapy', 1, 'intermediate', 350, 'published', '2023-10-16 05:00:00', '2023-11-15 07:00:00', NULL),
('lesson047', 'course043', 'Surprise Therapy', 1, 'beginner', 270, 'draft', '2023-10-17 06:00:00', '2023-11-16 08:00:00', NULL),
('lesson048', 'course044', 'Disgust Therapy', 1, 'intermediate', 290, 'published', '2023-10-18 07:00:00', '2023-11-17 09:00:00', NULL),
('lesson049', 'course045', 'Balance Therapy', 1, 'advanced', 380, 'published', '2023-10-19 08:00:00', '2023-11-18 10:00:00', NULL),
('lesson050', 'course046', 'Positive Thinking', 1, 'beginner', 300, 'published', '2023-10-20 09:00:00', '2023-11-19 11:00:00', NULL);

-- ============================================================
-- INSERT DATA FOR: audio_clips (50 records)
-- ============================================================
INSERT INTO `audio_clips` (`id`, `lessonId`, `subject`, `audioUrl`, `duration`, `targetEmotion`, `order`, `createdAt`, `updatedAt`, `deletedAt`) VALUES
('audio001', 'lesson001', 'Happy Music', 'https://example.com/audio1.mp3', 180, 'happiness', 1, '2023-09-01 08:00:00', '2023-10-01 10:00:00', NULL),
('audio002', 'lesson001', 'Joyful Sounds', 'https://example.com/audio2.mp3', 150, 'happiness', 2, '2023-09-02 09:00:00', '2023-10-02 11:00:00', NULL),
('audio003', 'lesson002', 'Sad Melody', 'https://example.com/audio3.mp3', 200, 'sadness', 1, '2023-09-03 10:00:00', '2023-10-03 12:00:00', NULL),
('audio004', 'lesson002', 'Melancholy Tune', 'https://example.com/audio4.mp3', 170, 'sadness', 2, '2023-09-04 11:00:00', '2023-10-04 13:00:00', NULL),
('audio005', 'lesson003', 'Angry Drums', 'https://example.com/audio5.mp3', 120, 'anger', 1, '2023-09-05 12:00:00', '2023-10-05 14:00:00', NULL),
('audio006', 'lesson003', 'Furious Beat', 'https://example.com/audio6.mp3', 140, 'anger', 2, '2023-09-06 13:00:00', '2023-10-06 15:00:00', NULL),
('audio007', 'lesson004', 'Fearful Sounds', 'https://example.com/audio7.mp3', 160, 'fear', 1, '2023-09-07 14:00:00', '2023-10-07 16:00:00', NULL),
('audio008', 'lesson004', 'Terrifying Noise', 'https://example.com/audio8.mp3', 180, 'fear', 2, '2023-09-08 15:00:00', '2023-10-08 17:00:00', NULL),
('audio009', 'lesson005', 'Surprising Twist', 'https://example.com/audio9.mp3', 130, 'surprise', 1, '2023-09-09 16:00:00', '2023-10-09 18:00:00', NULL),
('audio010', 'lesson005', 'Unexpected Sound', 'https://example.com/audio10.mp3', 110, 'surprise', 2, '2023-09-10 17:00:00', '2023-10-10 19:00:00', NULL),
('audio011', 'lesson006', 'Disgusting Noise', 'https://example.com/audio11.mp3', 100, 'disgust', 1, '2023-09-11 18:00:00', '2023-10-11 20:00:00', NULL),
('audio012', 'lesson006', 'Repulsive Sound', 'https://example.com/audio12.mp3', 90, 'disgust', 2, '2023-09-12 19:00:00', '2023-10-12 21:00:00', NULL),
('audio013', 'lesson007', 'Neutral Tone', 'https://example.com/audio13.mp3', 200, 'neutral', 1, '2023-09-13 20:00:00', '2023-10-13 22:00:00', NULL),
('audio014', 'lesson007', 'Balanced Sound', 'https://example.com/audio14.mp3', 190, 'neutral', 2, '2023-09-14 21:00:00', '2023-10-14 23:00:00', NULL),
('audio015', 'lesson008', 'Happy Symphony', 'https://example.com/audio15.mp3', 250, 'happiness', 1, '2023-09-15 22:00:00', '2023-10-15 00:00:00', NULL),
('audio016', 'lesson008', 'Joyful Orchestra', 'https://example.com/audio16.mp3', 220, 'happiness', 2, '2023-09-16 23:00:00', '2023-10-16 01:00:00', NULL),
('audio017', 'lesson009', 'Sad Piano', 'https://example.com/audio17.mp3', 210, 'sadness', 1, '2023-09-17 00:00:00', '2023-10-17 02:00:00', NULL),
('audio018', 'lesson009', 'Melancholy Keys', 'https://example.com/audio18.mp3', 180, 'sadness', 2, '2023-09-18 01:00:00', '2023-10-18 03:00:00', NULL),
('audio019', 'lesson010', 'Angry Guitar', 'https://example.com/audio19.mp3', 130, 'anger', 1, '2023-09-19 02:00:00', '2023-10-19 04:00:00', NULL),
('audio020', 'lesson010', 'Furious Riff', 'https://example.com/audio20.mp3', 150, 'anger', 2, '2023-09-20 03:00:00', '2023-10-20 05:00:00', NULL),
('audio021', 'lesson011', 'Fearful Violin', 'https://example.com/audio21.mp3', 170, 'fear', 1, '2023-09-21 04:00:00', '2023-10-21 06:00:00', NULL),
('audio022', 'lesson011', 'Terrifying Strings', 'https://example.com/audio22.mp3', 190, 'fear', 2, '2023-09-22 05:00:00', '2023-10-22 07:00:00', NULL),
('audio023', 'lesson012', 'Surprising Piano', 'https://example.com/audio23.mp3', 140, 'surprise', 1, '2023-09-23 06:00:00', '2023-10-23 08:00:00', NULL),
('audio024', 'lesson012', 'Unexpected Melody', 'https://example.com/audio24.mp3', 120, 'surprise', 2, '2023-09-24 07:00:00', '2023-10-24 09:00:00', NULL),
('audio025', 'lesson013', 'Disgusting Drums', 'https://example.com/audio25.mp3', 110, 'disgust', 1, '2023-09-25 08:00:00', '2023-10-25 10:00:00', NULL),
('audio026', 'lesson013', 'Repulsive Beat', 'https://example.com/audio26.mp3', 100, 'disgust', 2, '2023-09-26 09:00:00', '2023-10-26 11:00:00', NULL),
('audio027', 'lesson014', 'Neutral Piano', 'https://example.com/audio27.mp3', 210, 'neutral', 1, '2023-09-27 10:00:00', '2023-10-27 12:00:00', NULL),
('audio028', 'lesson014', 'Balanced Melody', 'https://example.com/audio28.mp3', 200, 'neutral', 2, '2023-09-28 11:00:00', '2023-10-28 13:00:00', NULL),
('audio029', 'lesson015', 'Happy Choir', 'https://example.com/audio29.mp3', 260, 'happiness', 1, '2023-09-29 12:00:00', '2023-10-29 14:00:00', NULL),
('audio030', 'lesson015', 'Joyful Voices', 'https://example.com/audio30.mp3', 230, 'happiness', 2, '2023-09-30 13:00:00', '2023-10-30 15:00:00', NULL),
('audio031', 'lesson016', 'Sad Strings', 'https://example.com/audio31.mp3', 220, 'sadness', 1, '2023-10-01 14:00:00', '2023-10-31 16:00:00', NULL),
('audio032', 'lesson016', 'Melancholy Orchestra', 'https://example.com/audio32.mp3', 190, 'sadness', 2, '2023-10-02 15:00:00', '2023-11-01 17:00:00', NULL),
('audio033', 'lesson017', 'Angry Percussion', 'https://example.com/audio33.mp3', 140, 'anger', 1, '2023-10-03 16:00:00', '2023-11-02 18:00:00', NULL),
('audio034', 'lesson017', 'Furious Drums', 'https://example.com/audio34.mp3', 160, 'anger', 2, '2023-10-04 17:00:00', '2023-11-03 19:00:00', NULL),
('audio035', 'lesson018', 'Fearful Wind', 'https://example.com/audio35.mp3', 180, 'fear', 1, '2023-10-05 18:00:00', '2023-11-04 20:00:00', NULL),
('audio036', 'lesson018', 'Terrifying Breeze', 'https://example.com/audio36.mp3', 200, 'fear', 2, '2023-10-06 19:00:00', '2023-11-05 21:00:00', NULL),
('audio037', 'lesson019', 'Surprising Horn', 'https://example.com/audio37.mp3', 150, 'surprise', 1, '2023-10-07 20:00:00', '2023-11-06 22:00:00', NULL),
('audio038', 'lesson019', 'Unexpected Blast', 'https://example.com/audio38.mp3', 130, 'surprise', 2, '2023-10-08 21:00:00', '2023-11-07 23:00:00', NULL),
('audio039', 'lesson020', 'Disgusting Noise', 'https://example.com/audio39.mp3', 120, 'disgust', 1, '2023-10-09 22:00:00', '2023-11-08 00:00:00', NULL),
('audio040', 'lesson020', 'Repulsive Sound', 'https://example.com/audio40.mp3', 110, 'disgust', 2, '2023-10-10 23:00:00', '2023-11-09 01:00:00', NULL),
('audio041', 'lesson021', 'Neutral Ambient', 'https://example.com/audio41.mp3', 220, 'neutral', 1, '2023-10-11 00:00:00', '2023-11-10 02:00:00', NULL),
('audio042', 'lesson021', 'Balanced Atmosphere', 'https://example.com/audio42.mp3', 210, 'neutral', 2, '2023-10-12 01:00:00', '2023-11-11 03:00:00', NULL),
('audio043', 'lesson022', 'Happy Flute', 'https://example.com/audio43.mp3', 270, 'happiness', 1, '2023-10-13 02:00:00', '2023-11-12 04:00:00', NULL),
('audio044', 'lesson022', 'Joyful Whistle', 'https://example.com/audio44.mp3', 240, 'happiness', 2, '2023-10-14 03:00:00', '2023-11-13 05:00:00', NULL),
('audio045', 'lesson023', 'Sad Harp', 'https://example.com/audio45.mp3', 230, 'sadness', 1, '2023-10-15 04:00:00', '2023-11-14 06:00:00', NULL),
('audio046', 'lesson023', 'Melancholy Pluck', 'https://example.com/audio46.mp3', 200, 'sadness', 2, '2023-10-16 05:00:00', '2023-11-15 07:00:00', NULL),
('audio047', 'lesson024', 'Angry Bass', 'https://example.com/audio47.mp3', 150, 'anger', 1, '2023-10-17 06:00:00', '2023-11-16 08:00:00', NULL),
('audio048', 'lesson024', 'Furious Low', 'https://example.com/audio48.mp3', 170, 'anger', 2, '2023-10-18 07:00:00', '2023-11-17 09:00:00', NULL),
('audio049', 'lesson025', 'Fearful Echo', 'https://example.com/audio49.mp3', 190, 'fear', 1, '2023-10-19 08:00:00', '2023-11-18 10:00:00', NULL),
('audio050', 'lesson025', 'Terrifying Reverb', 'https://example.com/audio50.mp3', 210, 'fear', 2, '2023-10-20 09:00:00', '2023-11-19 11:00:00', NULL);

-- ============================================================
-- INSERT DATA FOR: payments (50 records)
-- ============================================================
INSERT INTO `payments` (`id`, `userId`, `courseId`, `amount`, `currency`, `method`, `status`, `transactionId`, `gatewayResponse`, `paidAt`, `failureReason`, `expiredAt`, `createdAt`, `updatedAt`) VALUES
('payment001', 'user001', 'course001', 50000, 'VND', 'momo', 'completed', 'txn_001', '{"status": "success"}', '2023-10-01 10:00:00', NULL, NULL, '2023-10-01 09:00:00', '2023-10-01 10:00:00'),
('payment002', 'user002', 'course002', 60000, 'VND', 'vnpay', 'completed', 'txn_002', '{"status": "success"}', '2023-10-02 11:00:00', NULL, NULL, '2023-10-02 10:00:00', '2023-10-02 11:00:00'),
('payment003', 'user003', 'course003', 70000, 'VND', 'vnpay', 'completed', 'txn_003', '{"status": "success"}', '2023-10-03 12:00:00', NULL, NULL, '2023-10-03 11:00:00', '2023-10-03 12:00:00'),
('payment004', 'user004', 'course004', 80000, 'VND', 'momo', 'pending', NULL, NULL, NULL, NULL, '2023-10-11 13:00:00', '2023-10-04 12:00:00', '2023-10-04 13:00:00'),
('payment005', 'user005', 'course005', 55000, 'VND', 'momo', 'failed', NULL, '{"error": "insufficient funds"}', NULL, 'Insufficient funds', NULL, '2023-10-05 13:00:00', '2023-10-05 14:00:00'),
('payment006', 'user006', 'course006', 65000, 'VND', 'vnpay', 'completed', 'txn_006', '{"status": "success"}', '2023-10-06 15:00:00', NULL, NULL, '2023-10-06 14:00:00', '2023-10-06 15:00:00'),
('payment007', 'user007', 'course007', 75000, 'VND', 'vnpay', 'completed', 'txn_007', '{"status": "success"}', '2023-10-07 16:00:00', NULL, NULL, '2023-10-07 15:00:00', '2023-10-07 16:00:00'),
('payment008', 'user008', 'course008', 90000, 'VND', 'momo', 'completed', 'txn_008', '{"status": "success"}', '2023-10-08 17:00:00', NULL, NULL, '2023-10-08 16:00:00', '2023-10-08 17:00:00'),
('payment009', 'user009', 'course009', 85000, 'VND', 'momo', 'cancelled', NULL, '{"reason": "user cancelled"}', NULL, 'User cancelled', NULL, '2023-10-09 17:00:00', '2023-10-09 18:00:00'),
('payment010', 'user010', 'course010', 95000, 'VND', 'vnpay', 'completed', 'txn_010', '{"status": "success"}', '2023-10-10 19:00:00', NULL, NULL, '2023-10-10 18:00:00', '2023-10-10 19:00:00'),
('payment011', 'user011', 'course011', 0, 'VND', 'momo', 'completed', 'txn_011', '{"status": "free"}', '2023-10-11 20:00:00', NULL, NULL, '2023-10-11 19:00:00', '2023-10-11 20:00:00'),
('payment012', 'user012', 'course012', 0, 'VND', 'vnpay', 'completed', 'txn_012', '{"status": "free"}', '2023-10-12 21:00:00', NULL, NULL, '2023-10-12 20:00:00', '2023-10-12 21:00:00'),
('payment013', 'user013', 'course013', 0, 'VND', 'momo', 'expired', NULL, '{"reason": "expired"}', NULL, 'Payment expired', '2023-10-20 22:00:00', '2023-10-13 21:00:00', '2023-10-13 22:00:00'),
('payment014', 'user014', 'course014', 0, 'VND', 'vnpay', 'completed', 'txn_014', '{"status": "free"}', '2023-10-14 23:00:00', NULL, NULL, '2023-10-14 22:00:00', '2023-10-14 23:00:00'),
('payment015', 'user015', 'course015', 0, 'VND', 'momo', 'completed', 'txn_015', '{"status": "free"}', '2023-10-15 00:00:00', NULL, NULL, '2023-10-15 23:00:00', '2023-10-15 00:00:00'),
('payment016', 'user016', 'course016', 50000, 'VND', 'vnpay', 'completed', 'txn_016', '{"status": "success"}', '2023-10-16 01:00:00', NULL, NULL, '2023-10-16 00:00:00', '2023-10-16 01:00:00'),
('payment017', 'user017', 'course017', 60000, 'VND', 'momo', 'completed', 'txn_017', '{"status": "success"}', '2023-10-17 02:00:00', NULL, NULL, '2023-10-17 01:00:00', '2023-10-17 02:00:00'),
('payment018', 'user018', 'course018', 70000, 'VND', 'vnpay', 'refunded', 'txn_018', '{"status": "refunded"}', '2023-10-18 03:00:00', 'User requested refund', NULL, '2023-10-18 02:00:00', '2023-10-18 03:00:00'),
('payment019', 'user019', 'course019', 80000, 'VND', 'momo', 'completed', 'txn_019', '{"status": "success"}', '2023-10-19 04:00:00', NULL, NULL, '2023-10-19 03:00:00', '2023-10-19 04:00:00'),
('payment020', 'user020', 'course020', 55000, 'VND', 'vnpay', 'pending', NULL, NULL, NULL, NULL, '2023-10-27 05:00:00', '2023-10-20 04:00:00', '2023-10-20 05:00:00'),
('payment021', 'user021', 'course021', 65000, 'VND', 'momo', 'completed', 'txn_021', '{"status": "success"}', '2023-10-21 06:00:00', NULL, NULL, '2023-10-21 05:00:00', '2023-10-21 06:00:00'),
('payment022', 'user022', 'course022', 75000, 'VND', 'vnpay', 'completed', 'txn_022', '{"status": "success"}', '2023-10-22 07:00:00', NULL, NULL, '2023-10-22 06:00:00', '2023-10-22 07:00:00'),
('payment023', 'user023', 'course023', 90000, 'VND', 'momo', 'completed', 'txn_023', '{"status": "success"}', '2023-10-23 08:00:00', NULL, NULL, '2023-10-23 07:00:00', '2023-10-23 08:00:00'),
('payment024', 'user024', 'course024', 85000, 'VND', 'vnpay', 'failed', NULL, '{"error": "card declined"}', NULL, 'Card declined', NULL, '2023-10-24 08:00:00', '2023-10-24 09:00:00'),
('payment025', 'user025', 'course025', 95000, 'VND', 'momo', 'completed', 'txn_025', '{"status": "success"}', '2023-10-25 10:00:00', NULL, NULL, '2023-10-25 09:00:00', '2023-10-25 10:00:00'),
('payment026', 'user026', 'course026', 0, 'VND', 'vnpay', 'completed', 'txn_026', '{"status": "free"}', '2023-10-26 11:00:00', NULL, NULL, '2023-10-26 10:00:00', '2023-10-26 11:00:00'),
('payment027', 'user027', 'course027', 0, 'VND', 'momo', 'completed', 'txn_027', '{"status": "free"}', '2023-10-27 12:00:00', NULL, NULL, '2023-10-27 11:00:00', '2023-10-27 12:00:00'),
('payment028', 'user028', 'course028', 0, 'VND', 'vnpay', 'expired', NULL, '{"reason": "expired"}', NULL, 'Payment expired', '2023-11-04 13:00:00', '2023-10-28 12:00:00', '2023-10-28 13:00:00'),
('payment029', 'user029', 'course029', 0, 'VND', 'momo', 'completed', 'txn_029', '{"status": "free"}', '2023-10-29 14:00:00', NULL, NULL, '2023-10-29 13:00:00', '2023-10-29 14:00:00'),
('payment030', 'user030', 'course030', 0, 'VND', 'vnpay', 'completed', 'txn_030', '{"status": "free"}', '2023-10-30 15:00:00', NULL, NULL, '2023-10-30 14:00:00', '2023-10-30 15:00:00'),
('payment031', 'user031', 'course031', 50000, 'VND', 'momo', 'completed', 'txn_031', '{"status": "success"}', '2023-10-31 16:00:00', NULL, NULL, '2023-10-31 15:00:00', '2023-10-31 16:00:00'),
('payment032', 'user032', 'course032', 60000, 'VND', 'vnpay', 'completed', 'txn_032', '{"status": "success"}', '2023-11-01 17:00:00', NULL, NULL, '2023-11-01 16:00:00', '2023-11-01 17:00:00'),
('payment033', 'user033', 'course033', 70000, 'VND', 'momo', 'completed', 'txn_033', '{"status": "success"}', '2023-11-02 18:00:00', NULL, NULL, '2023-11-02 17:00:00', '2023-11-02 18:00:00'),
('payment034', 'user034', 'course034', 80000, 'VND', 'vnpay', 'pending', NULL, NULL, NULL, NULL, '2023-11-11 19:00:00', '2023-11-03 18:00:00', '2023-11-03 19:00:00'),
('payment035', 'user035', 'course035', 55000, 'VND', 'momo', 'failed', NULL, '{"error": "network error"}', NULL, 'Network error', NULL, '2023-11-04 19:00:00', '2023-11-04 20:00:00'),
('payment036', 'user036', 'course036', 65000, 'VND', 'vnpay', 'completed', 'txn_036', '{"status": "success"}', '2023-11-05 21:00:00', NULL, NULL, '2023-11-05 20:00:00', '2023-11-05 21:00:00'),
('payment037', 'user037', 'course037', 75000, 'VND', 'momo', 'completed', 'txn_037', '{"status": "success"}', '2023-11-06 22:00:00', NULL, NULL, '2023-11-06 21:00:00', '2023-11-06 22:00:00'),
('payment038', 'user038', 'course038', 90000, 'VND', 'vnpay', 'completed', 'txn_038', '{"status": "success"}', '2023-11-07 23:00:00', NULL, NULL, '2023-11-07 22:00:00', '2023-11-07 23:00:00'),
('payment039', 'user039', 'course039', 85000, 'VND', 'momo', 'cancelled', NULL, '{"reason": "user cancelled"}', NULL, 'User cancelled', NULL, '2023-11-08 23:00:00', '2023-11-08 00:00:00'),
('payment040', 'user040', 'course040', 95000, 'VND', 'vnpay', 'completed', 'txn_040', '{"status": "success"}', '2023-11-09 01:00:00', NULL, NULL, '2023-11-09 00:00:00', '2023-11-09 01:00:00'),
('payment041', 'user041', 'course041', 0, 'VND', 'momo', 'completed', 'txn_041', '{"status": "free"}', '2023-11-10 02:00:00', NULL, NULL, '2023-11-10 01:00:00', '2023-11-10 02:00:00'),
('payment042', 'user042', 'course042', 0, 'VND', 'vnpay', 'completed', 'txn_042', '{"status": "free"}', '2023-11-11 03:00:00', NULL, NULL, '2023-11-11 02:00:00', '2023-11-11 03:00:00'),
('payment043', 'user043', 'course043', 0, 'VND', 'momo', 'expired', NULL, '{"reason": "expired"}', NULL, 'Payment expired', '2023-11-19 04:00:00', '2023-11-12 03:00:00', '2023-11-12 04:00:00'),
('payment044', 'user044', 'course044', 0, 'VND', 'vnpay', 'completed', 'txn_044', '{"status": "free"}', '2023-11-13 05:00:00', NULL, NULL, '2023-11-13 04:00:00', '2023-11-13 05:00:00'),
('payment045', 'user045', 'course045', 0, 'VND', 'momo', 'completed', 'txn_045', '{"status": "free"}', '2023-11-14 06:00:00', NULL, NULL, '2023-11-14 05:00:00', '2023-11-14 06:00:00'),
('payment046', 'user046', 'course046', 50000, 'VND', 'vnpay', 'completed', 'txn_046', '{"status": "success"}', '2023-11-15 07:00:00', NULL, NULL, '2023-11-15 06:00:00', '2023-11-15 07:00:00'),
('payment047', 'user047', 'course047', 60000, 'VND', 'momo', 'completed', 'txn_047', '{"status": "success"}', '2023-11-16 08:00:00', NULL, NULL, '2023-11-16 07:00:00', '2023-11-16 08:00:00'),
('payment048', 'user048', 'course048', 70000, 'VND', 'vnpay', 'refunded', 'txn_048', '{"status": "refunded"}', '2023-11-17 09:00:00', 'User requested refund', NULL, '2023-11-17 08:00:00', '2023-11-17 09:00:00'),
('payment049', 'user049', 'course049', 80000, 'VND', 'momo', 'completed', 'txn_049', '{"status": "success"}', '2023-11-18 10:00:00', NULL, NULL, '2023-11-18 09:00:00', '2023-11-18 10:00:00'),
('payment050', 'user050', 'course050', 55000, 'VND', 'vnpay', 'pending', NULL, NULL, NULL, NULL, '2023-11-26 11:00:00', '2023-11-19 10:00:00', '2023-11-19 11:00:00');

-- ============================================================
-- INSERT DATA FOR: enrollments (50 records)
-- ============================================================
INSERT INTO `enrollments` (`id`, `userId`, `courseId`, `paymentId`, `status`, `createdAt`, `updatedAt`) VALUES
('enrollment001', 'user001', 'course001', 'payment001', 'active', '2023-10-01 10:00:00', '2023-10-01 10:00:00'),
('enrollment002', 'user002', 'course002', 'payment002', 'active', '2023-10-02 11:00:00', '2023-10-02 11:00:00'),
('enrollment003', 'user003', 'course003', 'payment003', 'active', '2023-10-03 12:00:00', '2023-10-03 12:00:00'),
('enrollment004', 'user004', 'course004', NULL, 'active', '2023-10-04 13:00:00', '2023-10-04 13:00:00'),
('enrollment005', 'user005', 'course005', NULL, 'active', '2023-10-05 14:00:00', '2023-10-05 14:00:00'),
('enrollment006', 'user006', 'course006', 'payment006', 'active', '2023-10-06 15:00:00', '2023-10-06 15:00:00'),
('enrollment007', 'user007', 'course007', 'payment007', 'active', '2023-10-07 16:00:00', '2023-10-07 16:00:00'),
('enrollment008', 'user008', 'course008', 'payment008', 'active', '2023-10-08 17:00:00', '2023-10-08 17:00:00'),
('enrollment009', 'user009', 'course009', NULL, 'active', '2023-10-09 18:00:00', '2023-10-09 18:00:00'),
('enrollment010', 'user010', 'course010', 'payment010', 'active', '2023-10-10 19:00:00', '2023-10-10 19:00:00'),
('enrollment011', 'user011', 'course011', 'payment011', 'active', '2023-10-11 20:00:00', '2023-10-11 20:00:00'),
('enrollment012', 'user012', 'course012', 'payment012', 'active', '2023-10-12 21:00:00', '2023-10-12 21:00:00'),
('enrollment013', 'user013', 'course013', NULL, 'active', '2023-10-13 22:00:00', '2023-10-13 22:00:00'),
('enrollment014', 'user014', 'course014', 'payment014', 'active', '2023-10-14 23:00:00', '2023-10-14 23:00:00'),
('enrollment015', 'user015', 'course015', 'payment015', 'active', '2023-10-15 00:00:00', '2023-10-15 00:00:00'),
('enrollment016', 'user016', 'course016', 'payment016', 'active', '2023-10-16 01:00:00', '2023-10-16 01:00:00'),
('enrollment017', 'user017', 'course017', 'payment017', 'active', '2023-10-17 02:00:00', '2023-10-17 02:00:00'),
('enrollment018', 'user018', 'course018', NULL, 'revoked', '2023-10-18 03:00:00', '2023-10-18 03:00:00'),
('enrollment019', 'user019', 'course019', 'payment019', 'active', '2023-10-19 04:00:00', '2023-10-19 04:00:00'),
('enrollment020', 'user020', 'course020', NULL, 'active', '2023-10-20 05:00:00', '2023-10-20 05:00:00'),
('enrollment021', 'user021', 'course021', 'payment021', 'active', '2023-10-21 06:00:00', '2023-10-21 06:00:00'),
('enrollment022', 'user022', 'course022', 'payment022', 'active', '2023-10-22 07:00:00', '2023-10-22 07:00:00'),
('enrollment023', 'user023', 'course023', 'payment023', 'active', '2023-10-23 08:00:00', '2023-10-23 08:00:00'),
('enrollment024', 'user024', 'course024', NULL, 'active', '2023-10-24 09:00:00', '2023-10-24 09:00:00'),
('enrollment025', 'user025', 'course025', 'payment025', 'active', '2023-10-25 10:00:00', '2023-10-25 10:00:00'),
('enrollment026', 'user026', 'course026', 'payment026', 'active', '2023-10-26 11:00:00', '2023-10-26 11:00:00'),
('enrollment027', 'user027', 'course027', 'payment027', 'active', '2023-10-27 12:00:00', '2023-10-27 12:00:00'),
('enrollment028', 'user028', 'course028', NULL, 'active', '2023-10-28 13:00:00', '2023-10-28 13:00:00'),
('enrollment029', 'user029', 'course029', 'payment029', 'active', '2023-10-29 14:00:00', '2023-10-29 14:00:00'),
('enrollment030', 'user030', 'course030', 'payment030', 'active', '2023-10-30 15:00:00', '2023-10-30 15:00:00'),
('enrollment031', 'user031', 'course031', 'payment031', 'active', '2023-10-31 16:00:00', '2023-10-31 16:00:00'),
('enrollment032', 'user032', 'course032', 'payment032', 'active', '2023-11-01 17:00:00', '2023-11-01 17:00:00'),
('enrollment033', 'user033', 'course033', 'payment033', 'active', '2023-11-02 18:00:00', '2023-11-02 18:00:00'),
('enrollment034', 'user034', 'course034', NULL, 'active', '2023-11-03 19:00:00', '2023-11-03 19:00:00'),
('enrollment035', 'user035', 'course035', NULL, 'active', '2023-11-04 20:00:00', '2023-11-04 20:00:00'),
('enrollment036', 'user036', 'course036', 'payment036', 'active', '2023-11-05 21:00:00', '2023-11-05 21:00:00'),
('enrollment037', 'user037', 'course037', 'payment037', 'active', '2023-11-06 22:00:00', '2023-11-06 22:00:00'),
('enrollment038', 'user038', 'course038', 'payment038', 'active', '2023-11-07 23:00:00', '2023-11-07 23:00:00'),
('enrollment039', 'user039', 'course039', NULL, 'active', '2023-11-08 00:00:00', '2023-11-08 00:00:00'),
('enrollment040', 'user040', 'course040', 'payment040', 'active', '2023-11-09 01:00:00', '2023-11-09 01:00:00'),
('enrollment041', 'user041', 'course041', 'payment041', 'active', '2023-11-10 02:00:00', '2023-11-10 02:00:00'),
('enrollment042', 'user042', 'course042', 'payment042', 'active', '2023-11-11 03:00:00', '2023-11-11 03:00:00'),
('enrollment043', 'user043', 'course043', NULL, 'active', '2023-11-12 04:00:00', '2023-11-12 04:00:00'),
('enrollment044', 'user044', 'course044', 'payment044', 'active', '2023-11-13 05:00:00', '2023-11-13 05:00:00'),
('enrollment045', 'user045', 'course045', 'payment045', 'active', '2023-11-14 06:00:00', '2023-11-14 06:00:00'),
('enrollment046', 'user046', 'course046', 'payment046', 'active', '2023-11-15 07:00:00', '2023-11-15 07:00:00'),
('enrollment047', 'user047', 'course047', 'payment047', 'active', '2023-11-16 08:00:00', '2023-11-16 08:00:00'),
('enrollment048', 'user048', 'course048', NULL, 'revoked', '2023-11-17 09:00:00', '2023-11-17 09:00:00'),
('enrollment049', 'user049', 'course049', 'payment049', 'active', '2023-11-18 10:00:00', '2023-11-18 10:00:00'),
('enrollment050', 'user050', 'course050', NULL, 'active', '2023-11-19 11:00:00', '2023-11-19 11:00:00');

-- ============================================================
-- INSERT DATA FOR: user_progresses (50 records)
-- ============================================================
INSERT INTO `user_progresses` (`id`, `userId`, `lessonId`, `attemptNumber`, `score`, `completedAt`, `answers`, `createdAt`) VALUES
('progress001', 'user001', 'lesson001', 1, 85, '2023-10-01 11:00:00', '{"q1": "A", "q2": "B"}', '2023-10-01 10:00:00'),
('progress002', 'user002', 'lesson002', 1, 92, '2023-10-02 12:00:00', '{"q1": "C", "q2": "D"}', '2023-10-02 11:00:00'),
('progress003', 'user003', 'lesson003', 1, 78, '2023-10-03 13:00:00', '{"q1": "A", "q2": "C"}', '2023-10-03 12:00:00'),
('progress004', 'user004', 'lesson004', 1, 88, '2023-10-04 14:00:00', '{"q1": "B", "q2": "D"}', '2023-10-04 13:00:00'),
('progress005', 'user005', 'lesson005', 1, 95, '2023-10-05 15:00:00', '{"q1": "A", "q2": "B"}', '2023-10-05 14:00:00'),
('progress006', 'user006', 'lesson006', 1, 82, '2023-10-06 16:00:00', '{"q1": "C", "q2": "A"}', '2023-10-06 15:00:00'),
('progress007', 'user007', 'lesson007', 1, 90, '2023-10-07 17:00:00', '{"q1": "D", "q2": "B"}', '2023-10-07 16:00:00'),
('progress008', 'user008', 'lesson008', 1, 87, '2023-10-08 18:00:00', '{"q1": "A", "q2": "C"}', '2023-10-08 17:00:00'),
('progress009', 'user009', 'lesson009', 1, 93, '2023-10-09 19:00:00', '{"q1": "B", "q2": "D"}', '2023-10-09 18:00:00'),
('progress010', 'user010', 'lesson010', 1, 79, '2023-10-10 20:00:00', '{"q1": "C", "q2": "A"}', '2023-10-10 19:00:00'),
('progress011', 'user011', 'lesson011', 1, 86, '2023-10-11 21:00:00', '{"q1": "A", "q2": "B"}', '2023-10-11 20:00:00'),
('progress012', 'user012', 'lesson012', 1, 91, '2023-10-12 22:00:00', '{"q1": "D", "q2": "C"}', '2023-10-12 21:00:00'),
('progress013', 'user013', 'lesson013', 1, 84, '2023-10-13 23:00:00', '{"q1": "B", "q2": "A"}', '2023-10-13 22:00:00'),
('progress014', 'user014', 'lesson014', 1, 89, '2023-10-14 00:00:00', '{"q1": "C", "q2": "D"}', '2023-10-14 23:00:00'),
('progress015', 'user015', 'lesson015', 1, 96, '2023-10-15 01:00:00', '{"q1": "A", "q2": "B"}', '2023-10-15 00:00:00'),
('progress016', 'user016', 'lesson016', 1, 83, '2023-10-16 02:00:00', '{"q1": "D", "q2": "C"}', '2023-10-16 01:00:00'),
('progress017', 'user017', 'lesson017', 1, 94, '2023-10-17 03:00:00', '{"q1": "B", "q2": "A"}', '2023-10-17 02:00:00'),
('progress018', 'user018', 'lesson018', 1, 80, '2023-10-18 04:00:00', '{"q1": "C", "q2": "D"}', '2023-10-18 03:00:00'),
('progress019', 'user019', 'lesson019', 1, 88, '2023-10-19 05:00:00', '{"q1": "A", "q2": "B"}', '2023-10-19 04:00:00'),
('progress020', 'user020', 'lesson020', 1, 92, '2023-10-20 06:00:00', '{"q1": "D", "q2": "C"}', '2023-10-20 05:00:00'),
('progress021', 'user021', 'lesson021', 1, 85, '2023-10-21 07:00:00', '{"q1": "B", "q2": "A"}', '2023-10-21 06:00:00'),
('progress022', 'user022', 'lesson022', 1, 90, '2023-10-22 08:00:00', '{"q1": "C", "q2": "D"}', '2023-10-22 07:00:00'),
('progress023', 'user023', 'lesson023', 1, 87, '2023-10-23 09:00:00', '{"q1": "A", "q2": "B"}', '2023-10-23 08:00:00'),
('progress024', 'user024', 'lesson024', 1, 93, '2023-10-24 10:00:00', '{"q1": "D", "q2": "C"}', '2023-10-24 09:00:00'),
('progress025', 'user025', 'lesson025', 1, 81, '2023-10-25 11:00:00', '{"q1": "B", "q2": "A"}', '2023-10-25 10:00:00'),
('progress026', 'user026', 'lesson026', 1, 89, '2023-10-26 12:00:00', '{"q1": "C", "q2": "D"}', '2023-10-26 11:00:00'),
('progress027', 'user027', 'lesson027', 1, 95, '2023-10-27 13:00:00', '{"q1": "A", "q2": "B"}', '2023-10-27 12:00:00'),
('progress028', 'user028', 'lesson028', 1, 84, '2023-10-28 14:00:00', '{"q1": "D", "q2": "C"}', '2023-10-28 13:00:00'),
('progress029', 'user029', 'lesson029', 1, 91, '2023-10-29 15:00:00', '{"q1": "B", "q2": "A"}', '2023-10-29 14:00:00'),
('progress030', 'user030', 'lesson030', 1, 86, '2023-10-30 16:00:00', '{"q1": "C", "q2": "D"}', '2023-10-30 15:00:00'),
('progress031', 'user031', 'lesson031', 1, 88, '2023-10-31 17:00:00', '{"q1": "A", "q2": "B"}', '2023-10-31 16:00:00'),
('progress032', 'user032', 'lesson032', 1, 92, '2023-11-01 18:00:00', '{"q1": "D", "q2": "C"}', '2023-11-01 17:00:00'),
('progress033', 'user033', 'lesson033', 1, 85, '2023-11-02 19:00:00', '{"q1": "B", "q2": "A"}', '2023-11-02 18:00:00'),
('progress034', 'user034', 'lesson034', 1, 90, '2023-11-03 20:00:00', '{"q1": "C", "q2": "D"}', '2023-11-03 19:00:00'),
('progress035', 'user035', 'lesson035', 1, 87, '2023-11-04 21:00:00', '{"q1": "A", "q2": "B"}', '2023-11-04 20:00:00'),
('progress036', 'user036', 'lesson036', 1, 93, '2023-11-05 22:00:00', '{"q1": "D", "q2": "C"}', '2023-11-05 21:00:00'),
('progress037', 'user037', 'lesson037', 1, 81, '2023-11-06 23:00:00', '{"q1": "B", "q2": "A"}', '2023-11-06 22:00:00'),
('progress038', 'user038', 'lesson038', 1, 89, '2023-11-07 00:00:00', '{"q1": "C", "q2": "D"}', '2023-11-07 23:00:00'),
('progress039', 'user039', 'lesson039', 1, 95, '2023-11-08 01:00:00', '{"q1": "A", "q2": "B"}', '2023-11-08 00:00:00'),
('progress040', 'user040', 'lesson040', 1, 84, '2023-11-09 02:00:00', '{"q1": "D", "q2": "C"}', '2023-11-09 01:00:00'),
('progress041', 'user041', 'lesson041', 1, 91, '2023-11-10 03:00:00', '{"q1": "B", "q2": "A"}', '2023-11-10 02:00:00'),
('progress042', 'user042', 'lesson042', 1, 86, '2023-11-11 04:00:00', '{"q1": "C", "q2": "D"}', '2023-11-11 03:00:00'),
('progress043', 'user043', 'lesson043', 1, 88, '2023-11-12 05:00:00', '{"q1": "A", "q2": "B"}', '2023-11-12 04:00:00'),
('progress044', 'user044', 'lesson044', 1, 92, '2023-11-13 06:00:00', '{"q1": "D", "q2": "C"}', '2023-11-13 05:00:00'),
('progress045', 'user045', 'lesson045', 1, 85, '2023-11-14 07:00:00', '{"q1": "B", "q2": "A"}', '2023-11-14 06:00:00'),
('progress046', 'user046', 'lesson046', 1, 90, '2023-11-15 08:00:00', '{"q1": "C", "q2": "D"}', '2023-11-15 07:00:00'),
('progress047', 'user047', 'lesson047', 1, 87, '2023-11-16 09:00:00', '{"q1": "A", "q2": "B"}', '2023-11-16 08:00:00'),
('progress048', 'user048', 'lesson048', 1, 93, '2023-11-17 10:00:00', '{"q1": "D", "q2": "C"}', '2023-11-17 09:00:00'),
('progress049', 'user049', 'lesson049', 1, 81, '2023-11-18 11:00:00', '{"q1": "B", "q2": "A"}', '2023-11-18 10:00:00'),
('progress050', 'user050', 'lesson050', 1, 89, '2023-11-19 12:00:00', '{"q1": "C", "q2": "D"}', '2023-11-19 11:00:00');

-- ============================================================
-- INSERT DATA FOR: reviews (50 records)
-- ============================================================
INSERT INTO `reviews` (`id`, `userId`, `courseId`, `rating`, `comment`, `createdAt`, `updatedAt`, `deletedAt`) VALUES
('review001', 'user001', 'course001', 5, 'Excellent course! Very helpful.', '2023-10-02 10:00:00', '2023-10-02 10:00:00', NULL),
('review002', 'user002', 'course002', 4, 'Good content, but could be more detailed.', '2023-10-03 11:00:00', '2023-10-03 11:00:00', NULL),
('review003', 'user003', 'course003', 5, 'Life-changing course!', '2023-10-04 12:00:00', '2023-10-04 12:00:00', NULL),
('review004', 'user004', 'course004', 3, 'Average course.', '2023-10-05 13:00:00', '2023-10-05 13:00:00', NULL),
('review005', 'user005', 'course005', 5, 'Highly recommended!', '2023-10-06 14:00:00', '2023-10-06 14:00:00', NULL),
('review006', 'user006', 'course006', 4, 'Well-structured course.', '2023-10-07 15:00:00', '2023-10-07 15:00:00', NULL),
('review007', 'user007', 'course007', 5, 'Amazing instructor!', '2023-10-08 16:00:00', '2023-10-08 16:00:00', NULL),
('review008', 'user008', 'course008', 4, 'Good value for money.', '2023-10-09 17:00:00', '2023-10-09 17:00:00', NULL),
('review009', 'user009', 'course009', 5, 'Transformative experience.', '2023-10-10 18:00:00', '2023-10-10 18:00:00', NULL),
('review010', 'user010', 'course010', 3, 'Could be better.', '2023-10-11 19:00:00', '2023-10-11 19:00:00', NULL),
('review011', 'user011', 'course011', 5, 'Perfect course!', '2023-10-12 20:00:00', '2023-10-12 20:00:00', NULL),
('review012', 'user012', 'course012', 4, 'Helpful content.', '2023-10-13 21:00:00', '2023-10-13 21:00:00', NULL),
('review013', 'user013', 'course013', 5, 'Outstanding!', '2023-10-14 22:00:00', '2023-10-14 22:00:00', NULL),
('review014', 'user014', 'course014', 4, 'Solid course.', '2023-10-15 23:00:00', '2023-10-15 23:00:00', NULL),
('review015', 'user015', 'course015', 5, 'Exceptional!', '2023-10-16 00:00:00', '2023-10-16 00:00:00', NULL),
('review016', 'user016', 'course016', 3, 'Decent course.', '2023-10-17 01:00:00', '2023-10-17 01:00:00', NULL),
('review017', 'user017', 'course017', 5, 'Fantastic!', '2023-10-18 02:00:00', '2023-10-18 02:00:00', NULL),
('review018', 'user018', 'course018', 4, 'Very informative.', '2023-10-19 03:00:00', '2023-10-19 03:00:00', NULL),
('review019', 'user019', 'course019', 5, 'Must-take course!', '2023-10-20 04:00:00', '2023-10-20 04:00:00', NULL),
('review020', 'user020', 'course020', 4, 'Good course.', '2023-10-21 05:00:00', '2023-10-21 05:00:00', NULL),
('review021', 'user021', 'course021', 5, 'Excellent!', '2023-10-22 06:00:00', '2023-10-22 06:00:00', NULL),
('review022', 'user022', 'course022', 3, 'Okay course.', '2023-10-23 07:00:00', '2023-10-23 07:00:00', NULL),
('review023', 'user023', 'course023', 5, 'Brilliant!', '2023-10-24 08:00:00', '2023-10-24 08:00:00', NULL),
('review024', 'user024', 'course024', 4, 'Well done.', '2023-10-25 09:00:00', '2023-10-25 09:00:00', NULL),
('review025', 'user025', 'course025', 5, 'Superb!', '2023-10-26 10:00:00', '2023-10-26 10:00:00', NULL),
('review026', 'user026', 'course026', 4, 'Great content.', '2023-10-27 11:00:00', '2023-10-27 11:00:00', NULL),
('review027', 'user027', 'course027', 5, 'Wonderful!', '2023-10-28 12:00:00', '2023-10-28 12:00:00', NULL),
('review028', 'user028', 'course028', 3, 'Not bad.', '2023-10-29 13:00:00', '2023-10-29 13:00:00', NULL),
('review029', 'user029', 'course029', 5, 'Amazing!', '2023-10-30 14:00:00', '2023-10-30 14:00:00', NULL),
('review030', 'user030', 'course030', 4, 'Very good.', '2023-10-31 15:00:00', '2023-10-31 15:00:00', NULL),
('review031', 'user031', 'course031', 5, 'Top-notch!', '2023-11-01 16:00:00', '2023-11-01 16:00:00', NULL),
('review032', 'user032', 'course032', 4, 'Informative.', '2023-11-02 17:00:00', '2023-11-02 17:00:00', NULL),
('review033', 'user033', 'course033', 5, 'Outstanding!', '2023-11-03 18:00:00', '2023-11-03 18:00:00', NULL),
('review034', 'user034', 'course034', 3, 'Average.', '2023-11-04 19:00:00', '2023-11-04 19:00:00', NULL),
('review035', 'user035', 'course035', 5, 'Excellent!', '2023-11-05 20:00:00', '2023-11-05 20:00:00', NULL),
('review036', 'user036', 'course036', 4, 'Good course.', '2023-11-06 21:00:00', '2023-11-06 21:00:00', NULL),
('review037', 'user037', 'course037', 5, 'Fantastic!', '2023-11-07 22:00:00', '2023-11-07 22:00:00', NULL),
('review038', 'user038', 'course038', 4, 'Well-made.', '2023-11-08 23:00:00', '2023-11-08 23:00:00', NULL),
('review039', 'user039', 'course039', 5, 'Brilliant!', '2023-11-09 00:00:00', '2023-11-09 00:00:00', NULL),
('review040', 'user040', 'course040', 3, 'Okay.', '2023-11-10 01:00:00', '2023-11-10 01:00:00', NULL),
('review041', 'user041', 'course041', 5, 'Superb!', '2023-11-11 02:00:00', '2023-11-11 02:00:00', NULL),
('review042', 'user042', 'course042', 4, 'Helpful.', '2023-11-12 03:00:00', '2023-11-12 03:00:00', NULL),
('review043', 'user043', 'course043', 5, 'Wonderful!', '2023-11-13 04:00:00', '2023-11-13 04:00:00', NULL),
('review044', 'user044', 'course044', 4, 'Solid.', '2023-11-14 05:00:00', '2023-11-14 05:00:00', NULL),
('review045', 'user045', 'course045', 5, 'Amazing!', '2023-11-15 06:00:00', '2023-11-15 06:00:00', NULL),
('review046', 'user046', 'course046', 3, 'Decent.', '2023-11-16 07:00:00', '2023-11-16 07:00:00', NULL),
('review047', 'user047', 'course047', 5, 'Top-notch!', '2023-11-17 08:00:00', '2023-11-17 08:00:00', NULL),
('review048', 'user048', 'course048', 4, 'Very good.', '2023-11-18 09:00:00', '2023-11-18 09:00:00', NULL),
('review049', 'user049', 'course049', 5, 'Exceptional!', '2023-11-19 10:00:00', '2023-11-19 10:00:00', NULL),
('review050', 'user050', 'course050', 4, 'Great course.', '2023-11-20 11:00:00', '2023-11-20 11:00:00', NULL);

-- ============================================================
-- INSERT DATA FOR: wishlists (50 records)
-- ============================================================
INSERT INTO `wishlists` (`id`, `userId`, `courseId`, `createdAt`, `deletedAt`) VALUES
('wishlist001', 'user001', 'course002', '2023-09-30 10:00:00', NULL),
('wishlist002', 'user002', 'course003', '2023-10-01 11:00:00', NULL),
('wishlist003', 'user003', 'course004', '2023-10-02 12:00:00', NULL),
('wishlist004', 'user004', 'course005', '2023-10-03 13:00:00', NULL),
('wishlist005', 'user005', 'course006', '2023-10-04 14:00:00', NULL),
('wishlist006', 'user006', 'course007', '2023-10-05 15:00:00', NULL),
('wishlist007', 'user007', 'course008', '2023-10-06 16:00:00', NULL),
('wishlist008', 'user008', 'course009', '2023-10-07 17:00:00', NULL),
('wishlist009', 'user009', 'course010', '2023-10-08 18:00:00', NULL),
('wishlist010', 'user010', 'course011', '2023-10-09 19:00:00', NULL),
('wishlist011', 'user011', 'course012', '2023-10-10 20:00:00', NULL),
('wishlist012', 'user012', 'course013', '2023-10-11 21:00:00', NULL),
('wishlist013', 'user013', 'course014', '2023-10-12 22:00:00', NULL),
('wishlist014', 'user014', 'course015', '2023-10-13 23:00:00', NULL),
('wishlist015', 'user015', 'course016', '2023-10-14 00:00:00', NULL),
('wishlist016', 'user016', 'course017', '2023-10-15 01:00:00', NULL),
('wishlist017', 'user017', 'course018', '2023-10-16 02:00:00', NULL),
('wishlist018', 'user018', 'course019', '2023-10-17 03:00:00', NULL),
('wishlist019', 'user019', 'course020', '2023-10-18 04:00:00', NULL),
('wishlist020', 'user020', 'course021', '2023-10-19 05:00:00', NULL),
('wishlist021', 'user021', 'course022', '2023-10-20 06:00:00', NULL),
('wishlist022', 'user022', 'course023', '2023-10-21 07:00:00', NULL),
('wishlist023', 'user023', 'course024', '2023-10-22 08:00:00', NULL),
('wishlist024', 'user024', 'course025', '2023-10-23 09:00:00', NULL),
('wishlist025', 'user025', 'course026', '2023-10-24 10:00:00', NULL),
('wishlist026', 'user026', 'course027', '2023-10-25 11:00:00', NULL),
('wishlist027', 'user027', 'course028', '2023-10-26 12:00:00', NULL),
('wishlist028', 'user028', 'course029', '2023-10-27 13:00:00', NULL),
('wishlist029', 'user029', 'course030', '2023-10-28 14:00:00', NULL),
('wishlist030', 'user030', 'course031', '2023-10-29 15:00:00', NULL),
('wishlist031', 'user031', 'course032', '2023-10-30 16:00:00', NULL),
('wishlist032', 'user032', 'course033', '2023-10-31 17:00:00', NULL),
('wishlist033', 'user033', 'course034', '2023-11-01 18:00:00', NULL),
('wishlist034', 'user034', 'course035', '2023-11-02 19:00:00', NULL),
('wishlist035', 'user035', 'course036', '2023-11-03 20:00:00', NULL),
('wishlist036', 'user036', 'course037', '2023-11-04 21:00:00', NULL),
('wishlist037', 'user037', 'course038', '2023-11-05 22:00:00', NULL),
('wishlist038', 'user038', 'course039', '2023-11-06 23:00:00', NULL),
('wishlist039', 'user039', 'course040', '2023-11-07 00:00:00', NULL),
('wishlist040', 'user040', 'course041', '2023-11-08 01:00:00', NULL),
('wishlist041', 'user041', 'course042', '2023-11-09 02:00:00', NULL),
('wishlist042', 'user042', 'course043', '2023-11-10 03:00:00', NULL),
('wishlist043', 'user043', 'course044', '2023-11-11 04:00:00', NULL),
('wishlist044', 'user044', 'course045', '2023-11-12 05:00:00', NULL),
('wishlist045', 'user045', 'course046', '2023-11-13 06:00:00', NULL),
('wishlist046', 'user046', 'course047', '2023-11-14 07:00:00', NULL),
('wishlist047', 'user047', 'course048', '2023-11-15 08:00:00', NULL),
('wishlist048', 'user048', 'course049', '2023-11-16 09:00:00', NULL),
('wishlist049', 'user049', 'course050', '2023-11-17 10:00:00', NULL),
('wishlist050', 'user050', 'course001', '2023-11-18 11:00:00', NULL);

-- ============================================================
-- INSERT DATA FOR: search_histories (50 records)
-- ============================================================
INSERT INTO `search_histories` (`id`, `userId`, `keyword`, `createdAt`, `deletedAt`) VALUES
('search001', 'user001', 'happiness', '2023-10-01 10:00:00', NULL),
('search002', 'user002', 'sadness', '2023-10-02 11:00:00', NULL),
('search003', 'user003', 'anger', '2023-10-03 12:00:00', NULL),
('search004', 'user004', 'fear', '2023-10-04 13:00:00', NULL),
('search005', 'user005', 'surprise', '2023-10-05 14:00:00', NULL),
('search006', 'user006', 'disgust', '2023-10-06 15:00:00', NULL),
('search007', 'user007', 'neutral', '2023-10-07 16:00:00', NULL),
('search008', 'user008', 'emotion training', '2023-10-08 17:00:00', NULL),
('search009', 'user009', 'positive thinking', '2023-10-09 18:00:00', NULL),
('search010', 'user010', 'stress relief', '2023-10-10 19:00:00', NULL),
('search011', 'user011', 'mindfulness', '2023-10-11 20:00:00', NULL),
('search012', 'user012', 'emotional intelligence', '2023-10-12 21:00:00', NULL),
('search013', 'user013', 'coping strategies', '2023-10-13 22:00:00', NULL),
('search014', 'user014', 'anger management', '2023-10-14 23:00:00', NULL),
('search015', 'user015', 'fear therapy', '2023-10-15 00:00:00', NULL),
('search016', 'user016', 'anxiety reduction', '2023-10-16 01:00:00', NULL),
('search017', 'user017', 'surprise handling', '2023-10-17 02:00:00', NULL),
('search018', 'user018', 'disgust control', '2023-10-18 03:00:00', NULL),
('search019', 'user019', 'emotional balance', '2023-10-19 04:00:00', NULL),
('search020', 'user020', 'positive psychology', '2023-10-20 05:00:00', NULL),
('search021', 'user021', 'sadness coping', '2023-10-21 06:00:00', NULL),
('search022', 'user022', 'anger expression', '2023-10-22 07:00:00', NULL),
('search023', 'user023', 'fear analysis', '2023-10-23 08:00:00', NULL),
('search024', 'user024', 'surprise benefits', '2023-10-24 09:00:00', NULL),
('search025', 'user025', 'disgust psychology', '2023-10-25 10:00:00', NULL),
('search026', 'user026', 'neutral mindset', '2023-10-26 11:00:00', NULL),
('search027', 'user027', 'happiness science', '2023-10-27 12:00:00', NULL),
('search028', 'user028', 'sadness research', '2023-10-28 13:00:00', NULL),
('search029', 'user029', 'anger studies', '2023-10-29 14:00:00', NULL),
('search030', 'user030', 'fear therapy', '2023-10-30 15:00:00', NULL),
('search031', 'user031', 'anxiety therapy', '2023-10-31 16:00:00', NULL),
('search032', 'user032', 'surprise therapy', '2023-11-01 17:00:00', NULL),
('search033', 'user033', 'disgust therapy', '2023-11-02 18:00:00', NULL),
('search034', 'user034', 'balance therapy', '2023-11-03 19:00:00', NULL),
('search035', 'user035', 'thinking positively', '2023-11-04 20:00:00', NULL),
('search036', 'user036', 'coping with sadness', '2023-11-05 21:00:00', NULL),
('search037', 'user037', 'expressing anger', '2023-11-06 22:00:00', NULL),
('search038', 'user038', 'analyzing fear', '2023-11-07 23:00:00', NULL),
('search039', 'user039', 'surprise benefits', '2023-11-08 00:00:00', NULL),
('search040', 'user040', 'disgust psychology', '2023-11-09 01:00:00', NULL),
('search041', 'user041', 'neutral mindset', '2023-11-10 02:00:00', NULL),
('search042', 'user042', 'happiness science', '2023-11-11 03:00:00', NULL),
('search043', 'user043', 'sadness research', '2023-11-12 04:00:00', NULL),
('search044', 'user044', 'anger studies', '2023-11-13 05:00:00', NULL),
('search045', 'user045', 'fear therapy', '2023-11-14 06:00:00', NULL),
('search046', 'user046', 'anxiety therapy', '2023-11-15 07:00:00', NULL),
('search047', 'user047', 'surprise therapy', '2023-11-16 08:00:00', NULL),
('search048', 'user048', 'disgust therapy', '2023-11-17 09:00:00', NULL),
('search049', 'user049', 'balance therapy', '2023-11-18 10:00:00', NULL),
('search050', 'user050', 'positive thinking', '2023-11-19 11:00:00', NULL);


