-- ============================================================
-- detailsData2.sql — 50 mẫu/bảng, dates 2025-2026
-- Chạy SAU data.sql. Không xung đột ID với data.sql / detailsData.sql
-- ============================================================
SET NAMES utf8mb4;
SET FOREIGN_KEY_CHECKS = 0;

-- ============================================================
-- USERS (50) — u001..u050, spread createdAt 2025-01 → 2026-04
-- ============================================================
INSERT INTO users (id, name, email, passwordHash, avatar, role, xp, lastActiveAt, status, createdAt, updatedAt) VALUES
('u001','Nguyễn Thị Lan',    'lan.nt25@gmail.com',    '$2a$10$abc123hashedpassword',NULL,'student',1850,'2026-04-10 08:00:00','active','2025-01-05 09:00:00','2026-04-10 08:00:00'),
('u002','Trần Văn Hùng',     'hung.tv25@gmail.com',   '$2a$10$abc123hashedpassword',NULL,'student',2200,'2026-04-08 10:00:00','active','2025-01-12 10:00:00','2026-04-08 10:00:00'),
('u003','Lê Thị Mai',        'mai.lt25@gmail.com',    '$2a$10$abc123hashedpassword',NULL,'student',1650,'2026-03-30 14:00:00','active','2025-01-18 08:30:00','2026-03-30 14:00:00'),
('u004','Phạm Quốc Đạt',     'dat.pq25@gmail.com',   '$2a$10$abc123hashedpassword',NULL,'student',2450,'2026-04-11 09:00:00','active','2025-01-22 07:00:00','2026-04-11 09:00:00'),
('u005','Hoàng Minh Tú',     'tu.hm25@gmail.com',    '$2a$10$abc123hashedpassword',NULL,'student',1320,'2026-04-05 11:00:00','active','2025-02-03 09:00:00','2026-04-05 11:00:00'),
('u006','Vũ Thị Hoa',        'hoa.vt25@gmail.com',   '$2a$10$abc123hashedpassword',NULL,'student',980, '2026-03-28 13:00:00','active','2025-02-10 10:00:00','2026-03-28 13:00:00'),
('u007','Đặng Văn Khoa',     'khoa.dv25@gmail.com',  '$2a$10$abc123hashedpassword',NULL,'student',1760,'2026-04-09 08:30:00','active','2025-02-17 11:00:00','2026-04-09 08:30:00'),
('u008','Bùi Thị Thảo',      'thao.bt25@gmail.com',  '$2a$10$abc123hashedpassword',NULL,'student',3100,'2026-04-12 07:00:00','active','2025-02-24 08:00:00','2026-04-12 07:00:00'),
('u009','Đỗ Văn Long',       'long.dv25@gmail.com',  '$2a$10$abc123hashedpassword',NULL,'student',2800,'2026-04-10 09:30:00','active','2025-03-02 10:00:00','2026-04-10 09:30:00'),
('u010','Ngô Thị Yến',       'yen.nt25@gmail.com',   '$2a$10$abc123hashedpassword',NULL,'student',2100,'2026-04-07 14:00:00','active','2025-03-08 09:00:00','2026-04-07 14:00:00'),
('u011','Dương Văn Tùng',    'tung.dv25@gmail.com',  '$2a$10$abc123hashedpassword',NULL,'student',3400,'2026-04-13 08:00:00','active','2025-03-15 07:30:00','2026-04-13 08:00:00'),
('u012','Lý Thị Khánh',      'khanh.lt25@gmail.com', '$2a$10$abc123hashedpassword',NULL,'student',2950,'2026-04-11 10:00:00','active','2025-03-22 11:00:00','2026-04-11 10:00:00'),
('u013','Phan Văn Bình',     'binh.pv25@gmail.com',  '$2a$10$abc123hashedpassword',NULL,'student',1100,'2026-04-01 09:00:00','active','2025-04-01 08:00:00','2026-04-01 09:00:00'),
('u014','Trịnh Thị Nga',     'nga.tt25@gmail.com',   '$2a$10$abc123hashedpassword',NULL,'student',870, '2026-03-25 15:00:00','active','2025-04-07 10:30:00','2026-03-25 15:00:00'),
('u015','Cao Văn Sơn',       'son.cv25@gmail.com',   '$2a$10$abc123hashedpassword',NULL,'student',1430,'2026-04-06 11:00:00','active','2025-04-14 09:00:00','2026-04-06 11:00:00'),
('u016','Tô Thị Linh',       'linh.tt25@gmail.com',  '$2a$10$abc123hashedpassword',NULL,'student',690, '2026-03-20 16:00:00','active','2025-04-20 08:00:00','2026-03-20 16:00:00'),
('u017','Đinh Văn Nam',      'nam.dv25@gmail.com',   '$2a$10$abc123hashedpassword',NULL,'student',1560,'2026-04-08 09:00:00','active','2025-04-28 10:00:00','2026-04-08 09:00:00'),
('u018','Hồ Thị Phương',     'phuong.ht25@gmail.com','$2a$10$abc123hashedpassword',NULL,'student',2050,'2026-04-09 12:00:00','active','2025-05-05 07:00:00','2026-04-09 12:00:00'),
('u019','Lê Văn Quân',       'quan.lv25@gmail.com',  '$2a$10$abc123hashedpassword',NULL,'student',1780,'2026-04-04 10:00:00','active','2025-05-12 09:30:00','2026-04-04 10:00:00'),
('u020','Nguyễn Thị Uyên',   'uyen.nt25@gmail.com',  '$2a$10$abc123hashedpassword',NULL,'student',940, '2026-03-18 14:00:00','active','2025-05-19 11:00:00','2026-03-18 14:00:00'),
('u021','Trần Đức Hiếu',     'hieu.td25@gmail.com',  '$2a$10$abc123hashedpassword',NULL,'student',1200,'2026-04-02 08:00:00','active','2025-05-26 08:00:00','2026-04-02 08:00:00'),
('u022','Vũ Thị Mỹ',         'my.vt25@gmail.com',    '$2a$10$abc123hashedpassword',NULL,'student',780, '2026-03-15 13:00:00','active','2025-06-02 10:00:00','2026-03-15 13:00:00'),
('u023','Phạm Văn Đức',      'duc.pv25@gmail.com',   '$2a$10$abc123hashedpassword',NULL,'student',1650,'2026-04-10 11:00:00','active','2025-06-09 09:00:00','2026-04-10 11:00:00'),
('u024','Bùi Thị Tâm',       'tam.bt25@gmail.com',   '$2a$10$abc123hashedpassword',NULL,'student',2300,'2026-04-11 08:30:00','active','2025-06-16 07:30:00','2026-04-11 08:30:00'),
('u025','Đặng Văn Việt',     'viet.dv25@gmail.com',  '$2a$10$abc123hashedpassword',NULL,'student',1870,'2026-04-07 10:00:00','active','2025-06-23 11:00:00','2026-04-07 10:00:00'),
('u026','Hoàng Thị Giang',   'giang.ht25@gmail.com', '$2a$10$abc123hashedpassword',NULL,'student',420, '2026-02-10 09:00:00','active','2025-07-01 08:00:00','2026-02-10 09:00:00'),
('u027','Ngô Văn Cường',     'cuong.nv25@gmail.com', '$2a$10$abc123hashedpassword',NULL,'student',2700,'2026-04-09 13:00:00','active','2025-07-08 10:30:00','2026-04-09 13:00:00'),
('u028','Lý Thị Dung',       'dung.lt25@gmail.com',  '$2a$10$abc123hashedpassword',NULL,'student',1490,'2026-04-05 09:00:00','active','2025-07-14 09:00:00','2026-04-05 09:00:00'),
('u029','Đinh Văn Phúc',     'phuc.dv25@gmail.com',  '$2a$10$abc123hashedpassword',NULL,'student',3200,'2026-04-12 11:00:00','active','2025-07-21 08:00:00','2026-04-12 11:00:00'),
('u030','Hồ Thị Hà',         'ha.ht25@gmail.com',    '$2a$10$abc123hashedpassword',NULL,'student',2600,'2026-04-08 14:00:00','active','2025-07-28 10:00:00','2026-04-08 14:00:00'),
('u031','Phan Văn Tuấn',     'tuan.pv25@gmail.com',  '$2a$10$abc123hashedpassword',NULL,'student',1920,'2026-04-06 09:30:00','active','2025-08-04 07:00:00','2026-04-06 09:30:00'),
('u032','Trịnh Thị Xuân',    'xuan.tt25@gmail.com',  '$2a$10$abc123hashedpassword',NULL,'student',1340,'2026-04-03 11:00:00','active','2025-08-11 09:00:00','2026-04-03 11:00:00'),
('u033','Cao Văn Lâm',       'lam.cv25@gmail.com',   '$2a$10$abc123hashedpassword',NULL,'student',760, '2026-03-29 15:00:00','active','2025-08-18 10:30:00','2026-03-29 15:00:00'),
('u034','Tô Thị Hạnh',       'hanh.tt25@gmail.com',  '$2a$10$abc123hashedpassword',NULL,'student',2120,'2026-04-10 08:00:00','active','2025-08-25 08:00:00','2026-04-10 08:00:00'),
('u035','Nguyễn Văn Bảo',    'bao.nv25@gmail.com',   '$2a$10$abc123hashedpassword',NULL,'student',1670,'2026-04-07 12:00:00','active','2025-09-01 09:00:00','2026-04-07 12:00:00'),
('u036','Lê Thị Thu',        'thu.lt25@gmail.com',   '$2a$10$abc123hashedpassword',NULL,'student',520, '2026-03-22 10:00:00','active','2025-09-08 10:00:00','2026-03-22 10:00:00'),
('u037','Vũ Văn Minh',       'minh.vv25@gmail.com',  '$2a$10$abc123hashedpassword',NULL,'student',1100,'2026-04-04 11:30:00','active','2025-09-15 08:30:00','2026-04-04 11:30:00'),
('u038','Đỗ Thị Hương',      'huong.dt25@gmail.com', '$2a$10$abc123hashedpassword',NULL,'student',830, '2026-04-01 14:00:00','active','2025-09-22 11:00:00','2026-04-01 14:00:00'),
('u039','Phạm Văn An',       'an.pv25@gmail.com',    '$2a$10$abc123hashedpassword',NULL,'student',350, '2026-03-10 09:00:00','active','2025-10-01 09:00:00','2026-03-10 09:00:00'),
('u040','Bùi Thị Ngọc',      'ngoc.bt25@gmail.com',  '$2a$10$abc123hashedpassword',NULL,'student',640, '2026-04-05 10:00:00','active','2025-10-08 08:00:00','2026-04-05 10:00:00'),
('u041','Hoàng Văn Tài',     'tai.hv25@gmail.com',   '$2a$10$abc123hashedpassword',NULL,'student',280, '2026-02-28 11:00:00','active','2025-10-15 10:30:00','2026-02-28 11:00:00'),
('u042','Ngô Thị Lệ',        'le.nt25@gmail.com',    '$2a$10$abc123hashedpassword',NULL,'student',180, '2026-04-03 09:00:00','active','2025-10-22 09:00:00','2026-04-03 09:00:00'),
('u043','Dương Văn Hậu',     'hau.dv25@gmail.com',   '$2a$10$abc123hashedpassword',NULL,'student',90,  '2026-03-05 14:00:00','active','2025-11-01 08:00:00','2026-03-05 14:00:00'),
('u044','Lý Thị Kim',        'kim.lt25@gmail.com',   '$2a$10$abc123hashedpassword',NULL,'student',210, '2026-04-08 10:30:00','active','2025-11-10 10:00:00','2026-04-08 10:30:00'),
('u045','Trần Văn Lực',      'luc.tv25@gmail.com',   '$2a$10$abc123hashedpassword',NULL,'student',470, '2026-04-11 09:00:00','active','2025-11-20 09:00:00','2026-04-11 09:00:00'),
('u046','Phan Thị Mơ',       'mo.pt25@gmail.com',    '$2a$10$abc123hashedpassword',NULL,'student',130, '2026-03-15 13:00:00','active','2025-12-01 11:00:00','2026-03-15 13:00:00'),
('u047','Đinh Văn Hải',      'hai.dv25@gmail.com',   '$2a$10$abc123hashedpassword',NULL,'student',320, '2026-04-09 08:00:00','active','2025-12-10 08:00:00','2026-04-09 08:00:00'),
('u048','Hồ Thị Vân',        'van.ht25@gmail.com',   '$2a$10$abc123hashedpassword',NULL,'student',250, '2026-04-10 12:00:00','active','2025-12-20 10:00:00','2026-04-10 12:00:00'),
('u049','Cao Văn Dũng',      'dung.cv26@gmail.com',  '$2a$10$abc123hashedpassword',NULL,'student',80,  '2026-04-12 09:00:00','active','2026-01-10 09:00:00','2026-04-12 09:00:00'),
('u050','Tô Thị Hải',        'hai.tt26@gmail.com',   '$2a$10$abc123hashedpassword',NULL,'student',40,  '2026-04-13 10:00:00','active','2026-02-15 10:00:00','2026-04-13 10:00:00');

-- ============================================================
-- COURSES (7 mới) — crs_001..crs_007
-- ============================================================
INSERT INTO courses (id, title, description, image, price, isFree, status, category, createdAt, updatedAt) VALUES
('crs_001','Quản lý cảm xúc tiêu cực','Kỹ thuật nhận diện và kiểm soát tức giận, buồn bã, sợ hãi',NULL,79000,0,'published','medium','2025-01-10 08:00:00','2025-01-10 08:00:00'),
('crs_002','Giao tiếp phi ngôn ngữ','Đọc hiểu ngôn ngữ cơ thể và biểu cảm khuôn mặt',NULL,0,1,'published','easy','2025-01-15 08:00:00','2025-01-15 08:00:00'),
('crs_003','Trí tuệ cảm xúc EQ','Phát triển EQ toàn diện trong công việc và cuộc sống',NULL,129000,0,'published','medium','2025-02-01 08:00:00','2025-02-01 08:00:00'),
('crs_004','Cảm xúc trong lãnh đạo','Ứng dụng EQ để lãnh đạo và truyền cảm hứng hiệu quả',NULL,249000,0,'published','advanced','2025-02-15 08:00:00','2025-02-15 08:00:00'),
('crs_005','Nhận diện nói dối qua giọng nói','Phân tích micro-expression và tín hiệu âm thanh',NULL,199000,0,'published','advanced','2025-03-01 08:00:00','2025-03-01 08:00:00'),
('crs_006','Cảm xúc trẻ em','Hiểu và hỗ trợ phát triển cảm xúc lành mạnh cho trẻ',NULL,0,1,'published','easy','2025-03-15 08:00:00','2025-03-15 08:00:00'),
('crs_007','Đồng cảm và kết nối','Xây dựng kết nối cảm xúc sâu sắc qua lắng nghe tích cực',NULL,49000,0,'published','easy','2025-04-01 08:00:00','2025-04-01 08:00:00');

-- ============================================================
-- LESSONS (38 mới) — lsn_001..lsn_038
-- 3 cho course_003 (chưa có lesson), 5 mỗi course mới
-- ============================================================
INSERT INTO lessons (id, courseId, title, `order`, level, duration, status, createdAt, updatedAt) VALUES
-- course_003 (advanced, chưa có lesson)
('lsn_001','course_003','Phân tích cảm xúc phức tạp',1,'advanced',720,'published','2025-01-10 08:00:00','2025-01-10 08:00:00'),
('lsn_002','course_003','Cảm xúc hỗn hợp và nghịch lý',2,'advanced',780,'published','2025-01-10 08:00:00','2025-01-10 08:00:00'),
('lsn_003','course_003','Ứng dụng trong trị liệu tâm lý',3,'advanced',840,'published','2025-01-10 08:00:00','2025-01-10 08:00:00'),
-- crs_001: Quản lý cảm xúc tiêu cực
('lsn_004','crs_001','Hiểu về cảm xúc tiêu cực',1,'intermediate',600,'published','2025-01-10 08:00:00','2025-01-10 08:00:00'),
('lsn_005','crs_001','Nhận diện và đặt tên cảm xúc',2,'intermediate',540,'published','2025-01-10 08:00:00','2025-01-10 08:00:00'),
('lsn_006','crs_001','Kỹ thuật kiểm soát tức giận',3,'intermediate',660,'published','2025-01-10 08:00:00','2025-01-10 08:00:00'),
('lsn_007','crs_001','Xử lý nỗi sợ hãi và lo âu',4,'intermediate',600,'published','2025-01-10 08:00:00','2025-01-10 08:00:00'),
('lsn_008','crs_001','Biến tiêu cực thành động lực',5,'intermediate',720,'published','2025-01-10 08:00:00','2025-01-10 08:00:00'),
-- crs_002: Giao tiếp phi ngôn ngữ
('lsn_009','crs_002','Ngôn ngữ cơ thể cơ bản',1,'beginner',480,'published','2025-01-15 08:00:00','2025-01-15 08:00:00'),
('lsn_010','crs_002','Biểu cảm khuôn mặt và cảm xúc',2,'beginner',540,'published','2025-01-15 08:00:00','2025-01-15 08:00:00'),
('lsn_011','crs_002','Giọng điệu và ý nghĩa ẩn',3,'beginner',480,'published','2025-01-15 08:00:00','2025-01-15 08:00:00'),
('lsn_012','crs_002','Ánh mắt trong giao tiếp',4,'beginner',420,'published','2025-01-15 08:00:00','2025-01-15 08:00:00'),
('lsn_013','crs_002','Thực hành đọc ngôn ngữ cơ thể',5,'beginner',600,'published','2025-01-15 08:00:00','2025-01-15 08:00:00'),
-- crs_003: Trí tuệ cảm xúc EQ
('lsn_014','crs_003','EQ là gì và tại sao quan trọng',1,'intermediate',540,'published','2025-02-01 08:00:00','2025-02-01 08:00:00'),
('lsn_015','crs_003','Tự nhận thức cảm xúc bản thân',2,'intermediate',600,'published','2025-02-01 08:00:00','2025-02-01 08:00:00'),
('lsn_016','crs_003','Tự điều tiết và kiểm soát bản thân',3,'intermediate',660,'published','2025-02-01 08:00:00','2025-02-01 08:00:00'),
('lsn_017','crs_003','Đồng cảm với người khác',4,'intermediate',600,'published','2025-02-01 08:00:00','2025-02-01 08:00:00'),
('lsn_018','crs_003','Kỹ năng xã hội và EQ',5,'intermediate',720,'published','2025-02-01 08:00:00','2025-02-01 08:00:00'),
-- crs_004: Cảm xúc trong lãnh đạo
('lsn_019','crs_004','EQ của nhà lãnh đạo hiện đại',1,'advanced',780,'published','2025-02-15 08:00:00','2025-02-15 08:00:00'),
('lsn_020','crs_004','Lãnh đạo bằng đồng cảm',2,'advanced',840,'published','2025-02-15 08:00:00','2025-02-15 08:00:00'),
('lsn_021','crs_004','Xử lý xung đột cảm xúc trong nhóm',3,'advanced',780,'published','2025-02-15 08:00:00','2025-02-15 08:00:00'),
('lsn_022','crs_004','Tạo môi trường cảm xúc tích cực',4,'advanced',720,'published','2025-02-15 08:00:00','2025-02-15 08:00:00'),
('lsn_023','crs_004','Truyền cảm hứng qua ngôn ngữ cảm xúc',5,'advanced',840,'published','2025-02-15 08:00:00','2025-02-15 08:00:00'),
-- crs_005: Nhận diện nói dối
('lsn_024','crs_005','Tín hiệu âm thanh của sự dối trá',1,'advanced',720,'published','2025-03-01 08:00:00','2025-03-01 08:00:00'),
('lsn_025','crs_005','Micro-expressions trong giọng nói',2,'advanced',780,'published','2025-03-01 08:00:00','2025-03-01 08:00:00'),
('lsn_026','crs_005','Tốc độ nói và sự căng thẳng',3,'advanced',660,'published','2025-03-01 08:00:00','2025-03-01 08:00:00'),
('lsn_027','crs_005','Ngập ngừng và từ đệm bất thường',4,'advanced',720,'published','2025-03-01 08:00:00','2025-03-01 08:00:00'),
('lsn_028','crs_005','Thực hành phân tích giọng nói',5,'advanced',900,'published','2025-03-01 08:00:00','2025-03-01 08:00:00'),
-- crs_006: Cảm xúc trẻ em
('lsn_029','crs_006','Cảm xúc giai đoạn mầm non',1,'beginner',420,'published','2025-03-15 08:00:00','2025-03-15 08:00:00'),
('lsn_030','crs_006','Nuôi dưỡng sự đồng cảm ở trẻ',2,'beginner',480,'published','2025-03-15 08:00:00','2025-03-15 08:00:00'),
('lsn_031','crs_006','Xử lý cơn giận của trẻ',3,'beginner',540,'published','2025-03-15 08:00:00','2025-03-15 08:00:00'),
('lsn_032','crs_006','Cảm xúc và quá trình học tập',4,'beginner',480,'published','2025-03-15 08:00:00','2025-03-15 08:00:00'),
('lsn_033','crs_006','Hỗ trợ cảm xúc gia đình',5,'beginner',540,'published','2025-03-15 08:00:00','2025-03-15 08:00:00'),
-- crs_007: Đồng cảm và kết nối
('lsn_034','crs_007','Đồng cảm là gì',1,'beginner',360,'published','2025-04-01 08:00:00','2025-04-01 08:00:00'),
('lsn_035','crs_007','Lắng nghe tích cực',2,'beginner',420,'published','2025-04-01 08:00:00','2025-04-01 08:00:00'),
('lsn_036','crs_007','Đặt mình vào vị trí người khác',3,'beginner',480,'published','2025-04-01 08:00:00','2025-04-01 08:00:00'),
('lsn_037','crs_007','Giao tiếp không phán xét',4,'beginner',420,'published','2025-04-01 08:00:00','2025-04-01 08:00:00'),
('lsn_038','crs_007','Kết nối cảm xúc bền vững',5,'beginner',480,'published','2025-04-01 08:00:00','2025-04-01 08:00:00');

-- ============================================================
-- AUDIO CLIPS (50) — acp_001..acp_050
-- acp_001-002: lesson_004 (course_002 chưa có clip)
-- acp_003: lesson_005; acp_004-050: lsn_001..lsn_038
-- ============================================================
INSERT INTO audio_clips (id, lessonId, subject, audioUrl, duration, targetEmotion, `order`) VALUES
('acp_001','lesson_004','Giọng nói vừa vui vừa buồn','/uploads/audio/acp_001.mp3',11,'sadness',1),
('acp_002','lesson_004','Cảm xúc hỗn độn trong tranh luận','/uploads/audio/acp_002.mp3',13,'anger',2),
('acp_003','lesson_005','Áp lực công việc trong giọng nói','/uploads/audio/acp_003.mp3',10,'fear',1),
-- lsn_001..lsn_003 (course_003)
('acp_004','lsn_001','Cảm xúc phức tạp mẫu 1','/uploads/audio/acp_004.mp3',12,'disgust',1),
('acp_005','lsn_001','Cảm xúc phức tạp mẫu 2','/uploads/audio/acp_005.mp3',9,'fear',2),
('acp_006','lsn_002','Vừa ngạc nhiên vừa sợ','/uploads/audio/acp_006.mp3',11,'surprise',1),
('acp_007','lsn_002','Buồn xen lẫn tức giận','/uploads/audio/acp_007.mp3',10,'anger',2),
('acp_008','lsn_003','Giọng trị liệu tâm lý','/uploads/audio/acp_008.mp3',14,'neutral',1),
-- lsn_004..lsn_008 (crs_001)
('acp_009','lsn_004','Giọng nói tiêu cực','/uploads/audio/acp_009.mp3',10,'anger',1),
('acp_010','lsn_005','Nhận ra cảm xúc tức giận','/uploads/audio/acp_010.mp3',11,'anger',1),
('acp_011','lsn_006','Tức giận bị kìm nén','/uploads/audio/acp_011.mp3',12,'anger',1),
('acp_012','lsn_006','Tức giận bùng phát','/uploads/audio/acp_012.mp3',9,'anger',2),
('acp_013','lsn_007','Giọng sợ hãi nhẹ','/uploads/audio/acp_013.mp3',10,'fear',1),
('acp_014','lsn_007','Giọng lo âu mãn tính','/uploads/audio/acp_014.mp3',13,'fear',2),
('acp_015','lsn_008','Chuyển đổi sang tích cực','/uploads/audio/acp_015.mp3',11,'happiness',1),
-- lsn_009..lsn_013 (crs_002)
('acp_016','lsn_009','Giọng trung tính tự tin','/uploads/audio/acp_016.mp3',8,'neutral',1),
('acp_017','lsn_010','Nụ cười thật trong giọng nói','/uploads/audio/acp_017.mp3',9,'happiness',1),
('acp_018','lsn_010','Giọng giả vui','/uploads/audio/acp_018.mp3',10,'neutral',2),
('acp_019','lsn_011','Giọng điệu thân thiện','/uploads/audio/acp_019.mp3',8,'happiness',1),
('acp_020','lsn_012','Ánh mắt tập trung trong lời nói','/uploads/audio/acp_020.mp3',9,'neutral',1),
('acp_021','lsn_013','Đọc cơ thể trong hội thoại','/uploads/audio/acp_021.mp3',12,'neutral',1),
-- lsn_014..lsn_018 (crs_003)
('acp_022','lsn_014','EQ thấp trong giao tiếp','/uploads/audio/acp_022.mp3',11,'disgust',1),
('acp_023','lsn_015','Tự nhận ra cảm xúc','/uploads/audio/acp_023.mp3',10,'sadness',1),
('acp_024','lsn_016','Kiểm soát cảm xúc tốt','/uploads/audio/acp_024.mp3',9,'neutral',1),
('acp_025','lsn_017','Đồng cảm trong lắng nghe','/uploads/audio/acp_025.mp3',11,'sadness',1),
('acp_026','lsn_018','Giao tiếp EQ cao','/uploads/audio/acp_026.mp3',10,'happiness',1),
-- lsn_019..lsn_023 (crs_004)
('acp_027','lsn_019','Lãnh đạo bình tĩnh','/uploads/audio/acp_027.mp3',13,'neutral',1),
('acp_028','lsn_020','Đồng cảm của nhà quản lý','/uploads/audio/acp_028.mp3',12,'happiness',1),
('acp_029','lsn_021','Xung đột nội bộ','/uploads/audio/acp_029.mp3',14,'anger',1),
('acp_030','lsn_022','Môi trường làm việc tích cực','/uploads/audio/acp_030.mp3',10,'happiness',1),
('acp_031','lsn_023','Truyền cảm hứng qua giọng nói','/uploads/audio/acp_031.mp3',12,'happiness',1),
-- lsn_024..lsn_028 (crs_005)
('acp_032','lsn_024','Giọng khi nói dối','/uploads/audio/acp_032.mp3',11,'fear',1),
('acp_033','lsn_025','Micro-pause bất thường','/uploads/audio/acp_033.mp3',10,'neutral',1),
('acp_034','lsn_026','Nói nhanh do căng thẳng','/uploads/audio/acp_034.mp3',9,'fear',1),
('acp_035','lsn_027','Ừm... à... nhiều','/uploads/audio/acp_035.mp3',12,'neutral',1),
('acp_036','lsn_028','Phân tích tổng hợp','/uploads/audio/acp_036.mp3',15,'neutral',1),
-- lsn_029..lsn_033 (crs_006)
('acp_037','lsn_029','Trẻ vui chơi','/uploads/audio/acp_037.mp3',7,'happiness',1),
('acp_038','lsn_030','Trẻ chia sẻ cảm xúc','/uploads/audio/acp_038.mp3',8,'happiness',1),
('acp_039','lsn_031','Trẻ khi tức giận','/uploads/audio/acp_039.mp3',9,'anger',1),
('acp_040','lsn_032','Trẻ hứng thú học tập','/uploads/audio/acp_040.mp3',8,'happiness',1),
('acp_041','lsn_033','Gia đình hòa thuận','/uploads/audio/acp_041.mp3',10,'happiness',1),
-- lsn_034..lsn_038 (crs_007)
('acp_042','lsn_034','Giọng đồng cảm thật sự','/uploads/audio/acp_042.mp3',9,'sadness',1),
('acp_043','lsn_035','Lắng nghe chủ động','/uploads/audio/acp_043.mp3',10,'neutral',1),
('acp_044','lsn_036','Đứng ở góc nhìn người khác','/uploads/audio/acp_044.mp3',11,'sadness',1),
('acp_045','lsn_037','Giao tiếp không phán xét','/uploads/audio/acp_045.mp3',9,'neutral',1),
('acp_046','lsn_038','Kết nối cảm xúc sâu','/uploads/audio/acp_046.mp3',12,'happiness',1),
-- Extra clips cho một số bài phổ biến
('acp_047','lsn_004','Nhận diện tức giận 2','/uploads/audio/acp_047.mp3',10,'anger',2),
('acp_048','lsn_014','EQ thấp mẫu 2','/uploads/audio/acp_048.mp3',11,'anger',2),
('acp_049','lsn_019','Lãnh đạo kiểu độc đoán','/uploads/audio/acp_049.mp3',13,'anger',2),
('acp_050','lsn_024','Căng thẳng che giấu','/uploads/audio/acp_050.mp3',10,'fear',2);

-- ============================================================
-- PAYMENTS (50) — pmt_001..pmt_050
-- Trải đều Jan 2025 → Apr 2026
-- pmt_001-038: completed | pmt_039-044: failed | pmt_045-048: cancelled | pmt_049-050: pending
-- ============================================================
INSERT INTO payments (id, userId, courseId, amount, currency, method, status, transactionId, paidAt, expiredAt, createdAt, updatedAt) VALUES
-- Q1 2025 — Jan-Mar (pmt_001..pmt_010), course_002 (99000) và course_003 (299000)
('pmt_001','u001','course_002',99000,'VND','vnpay','completed','VNP2025001','2025-01-08 10:30:00',NULL,'2025-01-08 10:15:00','2025-01-08 10:30:00'),
('pmt_002','u002','course_002',99000,'VND','vnpay','completed','VNP2025002','2025-01-15 14:20:00',NULL,'2025-01-15 14:05:00','2025-01-15 14:20:00'),
('pmt_003','u003','course_002',99000,'VND','vnpay','completed','VNP2025003','2025-01-22 09:45:00',NULL,'2025-01-22 09:30:00','2025-01-22 09:45:00'),
('pmt_004','u004','course_003',299000,'VND','vnpay','completed','VNP2025004','2025-02-03 11:00:00',NULL,'2025-02-03 10:45:00','2025-02-03 11:00:00'),
('pmt_005','u005','course_003',299000,'VND','vnpay','completed','VNP2025005','2025-02-10 15:30:00',NULL,'2025-02-10 15:15:00','2025-02-10 15:30:00'),
('pmt_006','u006','course_002',99000,'VND','momo','completed','MOM2025006','2025-02-18 08:20:00',NULL,'2025-02-18 08:05:00','2025-02-18 08:20:00'),
('pmt_007','u007','course_002',99000,'VND','momo','completed','MOM2025007','2025-02-25 13:10:00',NULL,'2025-02-25 12:55:00','2025-02-25 13:10:00'),
('pmt_008','u008','course_003',299000,'VND','vnpay','completed','VNP2025008','2025-03-04 10:00:00',NULL,'2025-03-04 09:45:00','2025-03-04 10:00:00'),
('pmt_009','u009','course_003',299000,'VND','vnpay','completed','VNP2025009','2025-03-12 16:40:00',NULL,'2025-03-12 16:25:00','2025-03-12 16:40:00'),
('pmt_010','u010','crs_001',79000,'VND','momo','completed','MOM2025010','2025-03-20 11:30:00',NULL,'2025-03-20 11:15:00','2025-03-20 11:30:00'),
-- Q2 2025 — Apr-Jun (pmt_011..pmt_020)
('pmt_011','u011','crs_001',79000,'VND','vnpay','completed','VNP2025011','2025-04-02 09:15:00',NULL,'2025-04-02 09:00:00','2025-04-02 09:15:00'),
('pmt_012','u012','crs_001',79000,'VND','vnpay','completed','VNP2025012','2025-04-10 14:50:00',NULL,'2025-04-10 14:35:00','2025-04-10 14:50:00'),
('pmt_013','u013','crs_003',129000,'VND','momo','completed','MOM2025013','2025-04-18 10:20:00',NULL,'2025-04-18 10:05:00','2025-04-18 10:20:00'),
('pmt_014','u014','crs_003',129000,'VND','vnpay','completed','VNP2025014','2025-04-25 08:45:00',NULL,'2025-04-25 08:30:00','2025-04-25 08:45:00'),
('pmt_015','u015','crs_003',129000,'VND','vnpay','completed','VNP2025015','2025-05-06 11:00:00',NULL,'2025-05-06 10:45:00','2025-05-06 11:00:00'),
('pmt_016','u016','crs_004',249000,'VND','vnpay','completed','VNP2025016','2025-05-14 15:20:00',NULL,'2025-05-14 15:05:00','2025-05-14 15:20:00'),
('pmt_017','u017','crs_004',249000,'VND','vnpay','completed','VNP2025017','2025-05-22 09:30:00',NULL,'2025-05-22 09:15:00','2025-05-22 09:30:00'),
('pmt_018','u018','crs_004',249000,'VND','momo','completed','MOM2025018','2025-06-03 13:45:00',NULL,'2025-06-03 13:30:00','2025-06-03 13:45:00'),
('pmt_019','u019','crs_001',79000,'VND','vnpay','completed','VNP2025019','2025-06-11 10:00:00',NULL,'2025-06-11 09:45:00','2025-06-11 10:00:00'),
('pmt_020','u020','crs_003',129000,'VND','vnpay','completed','VNP2025020','2025-06-20 14:15:00',NULL,'2025-06-20 14:00:00','2025-06-20 14:15:00'),
-- Q3 2025 — Jul-Sep (pmt_021..pmt_030)
('pmt_021','u021','crs_004',249000,'VND','vnpay','completed','VNP2025021','2025-07-04 09:00:00',NULL,'2025-07-04 08:45:00','2025-07-04 09:00:00'),
('pmt_022','u022','crs_005',199000,'VND','vnpay','completed','VNP2025022','2025-07-11 11:30:00',NULL,'2025-07-11 11:15:00','2025-07-11 11:30:00'),
('pmt_023','u023','crs_005',199000,'VND','momo','completed','MOM2025023','2025-07-19 15:00:00',NULL,'2025-07-19 14:45:00','2025-07-19 15:00:00'),
('pmt_024','u024','crs_005',199000,'VND','vnpay','completed','VNP2025024','2025-07-28 10:20:00',NULL,'2025-07-28 10:05:00','2025-07-28 10:20:00'),
('pmt_025','u025','crs_007',49000,'VND','momo','completed','MOM2025025','2025-08-05 08:30:00',NULL,'2025-08-05 08:15:00','2025-08-05 08:30:00'),
('pmt_026','u026','crs_007',49000,'VND','vnpay','completed','VNP2025026','2025-08-13 13:00:00',NULL,'2025-08-13 12:45:00','2025-08-13 13:00:00'),
('pmt_027','u027','crs_005',199000,'VND','vnpay','completed','VNP2025027','2025-08-21 09:45:00',NULL,'2025-08-21 09:30:00','2025-08-21 09:45:00'),
('pmt_028','u028','crs_004',249000,'VND','vnpay','completed','VNP2025028','2025-09-02 14:20:00',NULL,'2025-09-02 14:05:00','2025-09-02 14:20:00'),
('pmt_029','u029','crs_004',249000,'VND','momo','completed','MOM2025029','2025-09-10 11:00:00',NULL,'2025-09-10 10:45:00','2025-09-10 11:00:00'),
('pmt_030','u030','crs_003',129000,'VND','vnpay','completed','VNP2025030','2025-09-18 15:30:00',NULL,'2025-09-18 15:15:00','2025-09-18 15:30:00'),
-- Q4 2025 — Oct-Dec (pmt_031..pmt_038)
('pmt_031','u031','crs_005',199000,'VND','vnpay','completed','VNP2025031','2025-10-07 09:15:00',NULL,'2025-10-07 09:00:00','2025-10-07 09:15:00'),
('pmt_032','u032','crs_005',199000,'VND','vnpay','completed','VNP2025032','2025-10-16 13:40:00',NULL,'2025-10-16 13:25:00','2025-10-16 13:40:00'),
('pmt_033','u033','crs_007',49000,'VND','momo','completed','MOM2025033','2025-10-24 10:00:00',NULL,'2025-10-24 09:45:00','2025-10-24 10:00:00'),
('pmt_034','u034','crs_001',79000,'VND','vnpay','completed','VNP2025034','2025-11-05 08:30:00',NULL,'2025-11-05 08:15:00','2025-11-05 08:30:00'),
('pmt_035','u035','crs_001',79000,'VND','vnpay','completed','VNP2025035','2025-11-14 14:10:00',NULL,'2025-11-14 13:55:00','2025-11-14 14:10:00'),
('pmt_036','u036','crs_007',49000,'VND','momo','completed','MOM2025036','2025-11-22 11:20:00',NULL,'2025-11-22 11:05:00','2025-11-22 11:20:00'),
('pmt_037','u037','crs_003',129000,'VND','vnpay','completed','VNP2025037','2025-12-03 09:50:00',NULL,'2025-12-03 09:35:00','2025-12-03 09:50:00'),
('pmt_038','u038','crs_003',129000,'VND','vnpay','completed','VNP2025038','2025-12-18 15:00:00',NULL,'2025-12-18 14:45:00','2025-12-18 15:00:00'),
-- Failed payments — 2025 (pmt_039..pmt_044)
('pmt_039','u039','course_002',99000,'VND','vnpay','failed',NULL,NULL,'2025-03-15 10:15:00','2025-03-15 10:00:00','2025-03-15 10:15:00'),
('pmt_040','u040','crs_001',79000,'VND','vnpay','failed',NULL,NULL,'2025-06-08 14:15:00','2025-06-08 14:00:00','2025-06-08 14:15:00'),
('pmt_041','u041','crs_003',129000,'VND','momo','failed',NULL,NULL,'2025-08-19 09:15:00','2025-08-19 09:00:00','2025-08-19 09:15:00'),
('pmt_042','u042','crs_004',249000,'VND','vnpay','failed',NULL,NULL,'2025-10-30 11:15:00','2025-10-30 11:00:00','2025-10-30 11:15:00'),
('pmt_043','u043','crs_005',199000,'VND','vnpay','failed',NULL,NULL,'2025-12-05 13:15:00','2025-12-05 13:00:00','2025-12-05 13:15:00'),
('pmt_044','u044','crs_007',49000,'VND','momo','failed',NULL,NULL,'2026-01-20 09:15:00','2026-01-20 09:00:00','2026-01-20 09:15:00'),
-- Cancelled payments (pmt_045..pmt_048)
('pmt_045','u045','course_003',299000,'VND','vnpay','cancelled',NULL,NULL,'2025-05-20 10:15:00','2025-05-20 10:00:00','2025-05-20 10:15:00'),
('pmt_046','u046','crs_004',249000,'VND','vnpay','cancelled',NULL,NULL,'2025-09-25 14:15:00','2025-09-25 14:00:00','2025-09-25 14:15:00'),
('pmt_047','u047','crs_005',199000,'VND','momo','cancelled',NULL,NULL,'2025-12-12 11:15:00','2025-12-12 11:00:00','2025-12-12 11:15:00'),
('pmt_048','u048','crs_001',79000,'VND','vnpay','cancelled',NULL,NULL,'2026-02-10 08:15:00','2026-02-10 08:00:00','2026-02-10 08:15:00'),
-- Pending payments — 2026 (pmt_049..pmt_050)
('pmt_049','u049','crs_003',129000,'VND','vnpay','pending',NULL,NULL,'2026-04-13 09:15:00','2026-04-13 09:00:00','2026-04-13 09:15:00'),
('pmt_050','u050','crs_005',199000,'VND','vnpay','pending',NULL,NULL,'2026-04-14 08:15:00','2026-04-14 08:00:00','2026-04-14 08:15:00');

-- ============================================================
-- ENROLLMENTS (50) — enr_001..enr_050
-- enr_001-038: từ paid completed | enr_039-050: free courses
-- ============================================================
INSERT INTO enrollments (id, userId, courseId, paymentId, status, createdAt) VALUES
('enr_001','u001','course_002','pmt_001','active','2025-01-08 10:31:00'),
('enr_002','u002','course_002','pmt_002','active','2025-01-15 14:21:00'),
('enr_003','u003','course_002','pmt_003','active','2025-01-22 09:46:00'),
('enr_004','u004','course_003','pmt_004','active','2025-02-03 11:01:00'),
('enr_005','u005','course_003','pmt_005','active','2025-02-10 15:31:00'),
('enr_006','u006','course_002','pmt_006','active','2025-02-18 08:21:00'),
('enr_007','u007','course_002','pmt_007','active','2025-02-25 13:11:00'),
('enr_008','u008','course_003','pmt_008','active','2025-03-04 10:01:00'),
('enr_009','u009','course_003','pmt_009','active','2025-03-12 16:41:00'),
('enr_010','u010','crs_001','pmt_010','active','2025-03-20 11:31:00'),
('enr_011','u011','crs_001','pmt_011','active','2025-04-02 09:16:00'),
('enr_012','u012','crs_001','pmt_012','active','2025-04-10 14:51:00'),
('enr_013','u013','crs_003','pmt_013','active','2025-04-18 10:21:00'),
('enr_014','u014','crs_003','pmt_014','active','2025-04-25 08:46:00'),
('enr_015','u015','crs_003','pmt_015','active','2025-05-06 11:01:00'),
('enr_016','u016','crs_004','pmt_016','active','2025-05-14 15:21:00'),
('enr_017','u017','crs_004','pmt_017','active','2025-05-22 09:31:00'),
('enr_018','u018','crs_004','pmt_018','active','2025-06-03 13:46:00'),
('enr_019','u019','crs_001','pmt_019','active','2025-06-11 10:01:00'),
('enr_020','u020','crs_003','pmt_020','active','2025-06-20 14:16:00'),
('enr_021','u021','crs_004','pmt_021','active','2025-07-04 09:01:00'),
('enr_022','u022','crs_005','pmt_022','active','2025-07-11 11:31:00'),
('enr_023','u023','crs_005','pmt_023','active','2025-07-19 15:01:00'),
('enr_024','u024','crs_005','pmt_024','active','2025-07-28 10:21:00'),
('enr_025','u025','crs_007','pmt_025','active','2025-08-05 08:31:00'),
('enr_026','u026','crs_007','pmt_026','active','2025-08-13 13:01:00'),
('enr_027','u027','crs_005','pmt_027','active','2025-08-21 09:46:00'),
('enr_028','u028','crs_004','pmt_028','active','2025-09-02 14:21:00'),
('enr_029','u029','crs_004','pmt_029','active','2025-09-10 11:01:00'),
('enr_030','u030','crs_003','pmt_030','active','2025-09-18 15:31:00'),
('enr_031','u031','crs_005','pmt_031','active','2025-10-07 09:16:00'),
('enr_032','u032','crs_005','pmt_032','active','2025-10-16 13:41:00'),
('enr_033','u033','crs_007','pmt_033','active','2025-10-24 10:01:00'),
('enr_034','u034','crs_001','pmt_034','active','2025-11-05 08:31:00'),
('enr_035','u035','crs_001','pmt_035','active','2025-11-14 14:11:00'),
('enr_036','u036','crs_007','pmt_036','active','2025-11-22 11:21:00'),
('enr_037','u037','crs_003','pmt_037','active','2025-12-03 09:51:00'),
('enr_038','u038','crs_003','pmt_038','active','2025-12-18 15:01:00'),
-- Free course enrollments (enr_039-050)
('enr_039','u039','course_001',NULL,'active','2025-04-01 08:00:00'),
('enr_040','u040','course_001',NULL,'active','2025-06-15 09:00:00'),
('enr_041','u041','crs_002',NULL,'active','2025-08-20 10:00:00'),
('enr_042','u042','crs_002',NULL,'active','2025-10-31 11:00:00'),
('enr_043','u043','crs_006',NULL,'active','2025-12-06 08:00:00'),
('enr_044','u044','crs_006',NULL,'active','2026-01-21 09:00:00'),
('enr_045','u045','course_001',NULL,'active','2025-05-21 10:00:00'),
('enr_046','u046','crs_002',NULL,'active','2025-09-26 11:00:00'),
('enr_047','u047','crs_006',NULL,'active','2025-12-13 08:00:00'),
('enr_048','u048','course_001',NULL,'active','2026-02-11 09:00:00'),
('enr_049','u049','crs_002',NULL,'active','2026-04-13 10:00:00'),
('enr_050','u050','crs_006',NULL,'active','2026-04-14 09:00:00');

-- ============================================================
-- USER PROGRESSES (50) — prg_001..prg_050
-- ============================================================
INSERT INTO user_progresses (id, userId, lessonId, attemptNumber, score, completedAt, answers, createdAt) VALUES
('prg_001','u001','lesson_004',1,100,'2025-01-10 10:00:00','{"answers":[{"audioClipId":"acp_001","userAnswer":"sadness","correctAnswer":"sadness","isCorrect":true},{"audioClipId":"acp_002","userAnswer":"anger","correctAnswer":"anger","isCorrect":true}]}','2025-01-10 10:00:00'),
('prg_002','u002','lesson_004',1,50,'2025-01-18 11:00:00','{"answers":[{"audioClipId":"acp_001","userAnswer":"anger","correctAnswer":"sadness","isCorrect":false},{"audioClipId":"acp_002","userAnswer":"anger","correctAnswer":"anger","isCorrect":true}]}','2025-01-18 11:00:00'),
('prg_003','u003','lesson_005',1,100,'2025-01-25 09:00:00','{"answers":[{"audioClipId":"acp_003","userAnswer":"fear","correctAnswer":"fear","isCorrect":true}]}','2025-01-25 09:00:00'),
('prg_004','u004','lsn_001',1,50,'2025-02-06 14:00:00','{"answers":[{"audioClipId":"acp_004","userAnswer":"anger","correctAnswer":"disgust","isCorrect":false},{"audioClipId":"acp_005","userAnswer":"fear","correctAnswer":"fear","isCorrect":true}]}','2025-02-06 14:00:00'),
('prg_005','u005','lsn_001',1,100,'2025-02-14 10:00:00','{"answers":[{"audioClipId":"acp_004","userAnswer":"disgust","correctAnswer":"disgust","isCorrect":true},{"audioClipId":"acp_005","userAnswer":"fear","correctAnswer":"fear","isCorrect":true}]}','2025-02-14 10:00:00'),
('prg_006','u006','lesson_004',1,100,'2025-02-20 09:00:00','{"answers":[{"audioClipId":"acp_001","userAnswer":"sadness","correctAnswer":"sadness","isCorrect":true},{"audioClipId":"acp_002","userAnswer":"anger","correctAnswer":"anger","isCorrect":true}]}','2025-02-20 09:00:00'),
('prg_007','u007','lesson_004',1,50,'2025-02-28 11:00:00','{"answers":[{"audioClipId":"acp_001","userAnswer":"sadness","correctAnswer":"sadness","isCorrect":true},{"audioClipId":"acp_002","userAnswer":"fear","correctAnswer":"anger","isCorrect":false}]}','2025-02-28 11:00:00'),
('prg_008','u008','lsn_001',1,100,'2025-03-07 08:00:00','{"answers":[{"audioClipId":"acp_004","userAnswer":"disgust","correctAnswer":"disgust","isCorrect":true},{"audioClipId":"acp_005","userAnswer":"fear","correctAnswer":"fear","isCorrect":true}]}','2025-03-07 08:00:00'),
('prg_009','u009','lsn_002',1,50,'2025-03-15 13:00:00','{"answers":[{"audioClipId":"acp_006","userAnswer":"fear","correctAnswer":"surprise","isCorrect":false},{"audioClipId":"acp_007","userAnswer":"anger","correctAnswer":"anger","isCorrect":true}]}','2025-03-15 13:00:00'),
('prg_010','u010','lsn_004',1,100,'2025-03-23 10:00:00','{"answers":[{"audioClipId":"acp_009","userAnswer":"anger","correctAnswer":"anger","isCorrect":true}]}','2025-03-23 10:00:00'),
('prg_011','u011','lsn_004',1,100,'2025-04-05 09:00:00','{"answers":[{"audioClipId":"acp_009","userAnswer":"anger","correctAnswer":"anger","isCorrect":true}]}','2025-04-05 09:00:00'),
('prg_012','u012','lsn_005',1,100,'2025-04-14 14:00:00','{"answers":[{"audioClipId":"acp_010","userAnswer":"anger","correctAnswer":"anger","isCorrect":true}]}','2025-04-14 14:00:00'),
('prg_013','u013','lsn_014',1,100,'2025-04-22 10:00:00','{"answers":[{"audioClipId":"acp_022","userAnswer":"disgust","correctAnswer":"disgust","isCorrect":true},{"audioClipId":"acp_048","userAnswer":"anger","correctAnswer":"anger","isCorrect":true}]}','2025-04-22 10:00:00'),
('prg_014','u014','lsn_014',1,50,'2025-04-28 11:00:00','{"answers":[{"audioClipId":"acp_022","userAnswer":"anger","correctAnswer":"disgust","isCorrect":false},{"audioClipId":"acp_048","userAnswer":"anger","correctAnswer":"anger","isCorrect":true}]}','2025-04-28 11:00:00'),
('prg_015','u015','lsn_015',1,100,'2025-05-10 09:00:00','{"answers":[{"audioClipId":"acp_023","userAnswer":"sadness","correctAnswer":"sadness","isCorrect":true}]}','2025-05-10 09:00:00'),
('prg_016','u016','lsn_019',1,100,'2025-05-18 14:00:00','{"answers":[{"audioClipId":"acp_027","userAnswer":"neutral","correctAnswer":"neutral","isCorrect":true},{"audioClipId":"acp_049","userAnswer":"anger","correctAnswer":"anger","isCorrect":true}]}','2025-05-18 14:00:00'),
('prg_017','u017','lsn_019',1,50,'2025-05-26 10:00:00','{"answers":[{"audioClipId":"acp_027","userAnswer":"anger","correctAnswer":"neutral","isCorrect":false},{"audioClipId":"acp_049","userAnswer":"anger","correctAnswer":"anger","isCorrect":true}]}','2025-05-26 10:00:00'),
('prg_018','u018','lsn_020',1,100,'2025-06-08 09:00:00','{"answers":[{"audioClipId":"acp_028","userAnswer":"happiness","correctAnswer":"happiness","isCorrect":true}]}','2025-06-08 09:00:00'),
('prg_019','u019','lsn_006',1,100,'2025-06-15 11:00:00','{"answers":[{"audioClipId":"acp_011","userAnswer":"anger","correctAnswer":"anger","isCorrect":true},{"audioClipId":"acp_012","userAnswer":"anger","correctAnswer":"anger","isCorrect":true}]}','2025-06-15 11:00:00'),
('prg_020','u020','lsn_016',1,100,'2025-06-24 14:00:00','{"answers":[{"audioClipId":"acp_024","userAnswer":"neutral","correctAnswer":"neutral","isCorrect":true}]}','2025-06-24 14:00:00'),
('prg_021','u021','lsn_021',1,50,'2025-07-08 10:00:00','{"answers":[{"audioClipId":"acp_029","userAnswer":"sadness","correctAnswer":"anger","isCorrect":false}]}','2025-07-08 10:00:00'),
('prg_022','u022','lsn_024',1,100,'2025-07-15 09:00:00','{"answers":[{"audioClipId":"acp_032","userAnswer":"fear","correctAnswer":"fear","isCorrect":true},{"audioClipId":"acp_050","userAnswer":"fear","correctAnswer":"fear","isCorrect":true}]}','2025-07-15 09:00:00'),
('prg_023','u023','lsn_024',1,50,'2025-07-24 13:00:00','{"answers":[{"audioClipId":"acp_032","userAnswer":"neutral","correctAnswer":"fear","isCorrect":false},{"audioClipId":"acp_050","userAnswer":"fear","correctAnswer":"fear","isCorrect":true}]}','2025-07-24 13:00:00'),
('prg_024','u024','lsn_025',1,100,'2025-08-02 10:00:00','{"answers":[{"audioClipId":"acp_033","userAnswer":"neutral","correctAnswer":"neutral","isCorrect":true}]}','2025-08-02 10:00:00'),
('prg_025','u025','lsn_034',1,100,'2025-08-09 09:00:00','{"answers":[{"audioClipId":"acp_042","userAnswer":"sadness","correctAnswer":"sadness","isCorrect":true}]}','2025-08-09 09:00:00'),
('prg_026','u026','lsn_035',1,100,'2025-08-18 11:00:00','{"answers":[{"audioClipId":"acp_043","userAnswer":"neutral","correctAnswer":"neutral","isCorrect":true}]}','2025-08-18 11:00:00'),
('prg_027','u027','lsn_026',1,100,'2025-08-26 10:00:00','{"answers":[{"audioClipId":"acp_034","userAnswer":"fear","correctAnswer":"fear","isCorrect":true}]}','2025-08-26 10:00:00'),
('prg_028','u028','lsn_022',1,100,'2025-09-06 14:00:00','{"answers":[{"audioClipId":"acp_030","userAnswer":"happiness","correctAnswer":"happiness","isCorrect":true}]}','2025-09-06 14:00:00'),
('prg_029','u029','lsn_019',1,100,'2025-09-14 09:00:00','{"answers":[{"audioClipId":"acp_027","userAnswer":"neutral","correctAnswer":"neutral","isCorrect":true},{"audioClipId":"acp_049","userAnswer":"anger","correctAnswer":"anger","isCorrect":true}]}','2025-09-14 09:00:00'),
('prg_030','u030','lsn_017',1,50,'2025-09-22 11:00:00','{"answers":[{"audioClipId":"acp_025","userAnswer":"happiness","correctAnswer":"sadness","isCorrect":false}]}','2025-09-22 11:00:00'),
('prg_031','u031','lsn_027',1,100,'2025-10-11 10:00:00','{"answers":[{"audioClipId":"acp_035","userAnswer":"neutral","correctAnswer":"neutral","isCorrect":true}]}','2025-10-11 10:00:00'),
('prg_032','u032','lsn_024',1,50,'2025-10-20 13:00:00','{"answers":[{"audioClipId":"acp_032","userAnswer":"neutral","correctAnswer":"fear","isCorrect":false},{"audioClipId":"acp_050","userAnswer":"fear","correctAnswer":"fear","isCorrect":true}]}','2025-10-20 13:00:00'),
('prg_033','u033','lsn_036',1,100,'2025-10-28 09:00:00','{"answers":[{"audioClipId":"acp_044","userAnswer":"sadness","correctAnswer":"sadness","isCorrect":true}]}','2025-10-28 09:00:00'),
('prg_034','u034','lsn_007',1,100,'2025-11-09 10:00:00','{"answers":[{"audioClipId":"acp_013","userAnswer":"fear","correctAnswer":"fear","isCorrect":true},{"audioClipId":"acp_014","userAnswer":"fear","correctAnswer":"fear","isCorrect":true}]}','2025-11-09 10:00:00'),
('prg_035','u035','lsn_008',1,100,'2025-11-18 11:00:00','{"answers":[{"audioClipId":"acp_015","userAnswer":"happiness","correctAnswer":"happiness","isCorrect":true}]}','2025-11-18 11:00:00'),
('prg_036','u036','lsn_037',1,100,'2025-11-26 14:00:00','{"answers":[{"audioClipId":"acp_045","userAnswer":"neutral","correctAnswer":"neutral","isCorrect":true}]}','2025-11-26 14:00:00'),
('prg_037','u037','lsn_018',1,100,'2025-12-07 10:00:00','{"answers":[{"audioClipId":"acp_026","userAnswer":"happiness","correctAnswer":"happiness","isCorrect":true}]}','2025-12-07 10:00:00'),
('prg_038','u038','lsn_014',1,50,'2025-12-22 11:00:00','{"answers":[{"audioClipId":"acp_022","userAnswer":"anger","correctAnswer":"disgust","isCorrect":false},{"audioClipId":"acp_048","userAnswer":"anger","correctAnswer":"anger","isCorrect":true}]}','2025-12-22 11:00:00'),
-- Free course users
('prg_039','u039','lesson_001',1,80,'2025-04-05 10:00:00','{"answers":[{"audioClipId":"clip_001","userAnswer":"neutral","correctAnswer":"neutral","isCorrect":true}]}','2025-04-05 10:00:00'),
('prg_040','u040','lesson_002',1,50,'2025-06-20 11:00:00','{"answers":[{"audioClipId":"clip_002","userAnswer":"sadness","correctAnswer":"happiness","isCorrect":false},{"audioClipId":"clip_003","userAnswer":"happiness","correctAnswer":"happiness","isCorrect":true}]}','2025-06-20 11:00:00'),
('prg_041','u041','lsn_009',1,100,'2025-08-25 09:00:00','{"answers":[{"audioClipId":"acp_016","userAnswer":"neutral","correctAnswer":"neutral","isCorrect":true}]}','2025-08-25 09:00:00'),
('prg_042','u042','lsn_010',1,50,'2025-11-05 10:00:00','{"answers":[{"audioClipId":"acp_017","userAnswer":"neutral","correctAnswer":"happiness","isCorrect":false},{"audioClipId":"acp_018","userAnswer":"neutral","correctAnswer":"neutral","isCorrect":true}]}','2025-11-05 10:00:00'),
('prg_043','u043','lsn_029',1,100,'2025-12-10 09:00:00','{"answers":[{"audioClipId":"acp_037","userAnswer":"happiness","correctAnswer":"happiness","isCorrect":true}]}','2025-12-10 09:00:00'),
('prg_044','u044','lsn_030',1,100,'2026-01-25 11:00:00','{"answers":[{"audioClipId":"acp_038","userAnswer":"happiness","correctAnswer":"happiness","isCorrect":true}]}','2026-01-25 11:00:00'),
('prg_045','u045','lesson_001',1,100,'2025-05-25 09:00:00','{"answers":[{"audioClipId":"clip_001","userAnswer":"neutral","correctAnswer":"neutral","isCorrect":true}]}','2025-05-25 09:00:00'),
('prg_046','u046','lsn_011',1,100,'2025-10-01 10:00:00','{"answers":[{"audioClipId":"acp_019","userAnswer":"happiness","correctAnswer":"happiness","isCorrect":true}]}','2025-10-01 10:00:00'),
('prg_047','u047','lsn_031',1,50,'2025-12-18 11:00:00','{"answers":[{"audioClipId":"acp_039","userAnswer":"sadness","correctAnswer":"anger","isCorrect":false}]}','2025-12-18 11:00:00'),
('prg_048','u048','lesson_001',1,100,'2026-02-15 09:00:00','{"answers":[{"audioClipId":"clip_001","userAnswer":"neutral","correctAnswer":"neutral","isCorrect":true}]}','2026-02-15 09:00:00'),
-- Additional attempts (retry)
('prg_049','u002','lesson_005',1,100,'2025-01-20 10:00:00','{"answers":[{"audioClipId":"acp_003","userAnswer":"fear","correctAnswer":"fear","isCorrect":true}]}','2025-01-20 10:00:00'),
('prg_050','u021','lsn_021',2,100,'2025-07-15 11:00:00','{"answers":[{"audioClipId":"acp_029","userAnswer":"anger","correctAnswer":"anger","isCorrect":true}]}','2025-07-15 11:00:00');

-- ============================================================
-- REVIEWS (50) — rev_001..rev_050 — mỗi cặp userId+courseId là duy nhất
-- ============================================================
INSERT INTO reviews (id, userId, courseId, rating, comment, createdAt, updatedAt) VALUES
('rev_001','u001','course_002',5,'Khoá học tuyệt vời! Giúp tôi hiểu rõ cảm xúc hỗn hợp.','2025-01-15 10:00:00','2025-01-15 10:00:00'),
('rev_002','u002','course_002',4,'Nội dung hay nhưng muốn có thêm ví dụ thực tế.','2025-01-22 11:00:00','2025-01-22 11:00:00'),
('rev_003','u003','course_002',5,'Rất hữu ích, âm thanh mẫu rõ ràng dễ phân biệt.','2025-01-28 09:00:00','2025-01-28 09:00:00'),
('rev_004','u004','course_003',5,'Khoá học chuyên sâu, xứng đáng với giá tiền.','2025-02-10 14:00:00','2025-02-10 14:00:00'),
('rev_005','u005','course_003',4,'Nội dung nâng cao, cần nền tảng trước khi học.','2025-02-18 10:00:00','2025-02-18 10:00:00'),
('rev_006','u006','course_002',5,'Phương pháp học rất sáng tạo và hiệu quả.','2025-02-24 09:00:00','2025-02-24 09:00:00'),
('rev_007','u007','course_002',3,'Ổn nhưng cần thêm bài tập thực hành.','2025-03-03 11:00:00','2025-03-03 11:00:00'),
('rev_008','u008','course_003',5,'Xuất sắc! Học xong nhận diện cảm xúc tốt hơn nhiều.','2025-03-10 10:00:00','2025-03-10 10:00:00'),
('rev_009','u009','course_003',4,'Khoá học chất lượng, mong có phần luyện tập thêm.','2025-03-18 14:00:00','2025-03-18 14:00:00'),
('rev_010','u010','crs_001',5,'Rất thiết thực cho cuộc sống hàng ngày.','2025-03-28 09:00:00','2025-03-28 09:00:00'),
('rev_011','u011','crs_001',4,'Học được nhiều kỹ thuật kiểm soát cảm xúc hay.','2025-04-10 11:00:00','2025-04-10 11:00:00'),
('rev_012','u012','crs_001',5,'Tuyệt vời! Giọng mẫu đa dạng và thực tế.','2025-04-18 10:00:00','2025-04-18 10:00:00'),
('rev_013','u013','crs_003',5,'EQ của tôi cải thiện rõ rệt sau khoá học này.','2025-04-28 14:00:00','2025-04-28 14:00:00'),
('rev_014','u014','crs_003',4,'Nội dung bài bản, giảng viên am hiểu sâu sắc.','2025-05-05 09:00:00','2025-05-05 09:00:00'),
('rev_015','u015','crs_003',5,'Rất khuyến khích cho ai muốn phát triển bản thân.','2025-05-14 11:00:00','2025-05-14 11:00:00'),
('rev_016','u016','crs_004',5,'Khoá học lý tưởng cho quản lý và lãnh đạo.','2025-05-22 10:00:00','2025-05-22 10:00:00'),
('rev_017','u017','crs_004',4,'Áp dụng được ngay vào công việc thực tế.','2025-05-30 14:00:00','2025-05-30 14:00:00'),
('rev_018','u018','crs_004',5,'Bài học về đồng cảm thay đổi cách tôi quản lý đội nhóm.','2025-06-10 09:00:00','2025-06-10 09:00:00'),
('rev_019','u019','crs_001',4,'Kỹ thuật kiểm soát tức giận rất thực dụng.','2025-06-20 11:00:00','2025-06-20 11:00:00'),
('rev_020','u020','crs_003',5,'Hiểu được EQ giúp tôi giao tiếp hiệu quả hơn.','2025-06-28 10:00:00','2025-06-28 10:00:00'),
('rev_021','u021','crs_004',3,'Khá khó cho người mới, nên học EQ cơ bản trước.','2025-07-12 14:00:00','2025-07-12 14:00:00'),
('rev_022','u022','crs_005',5,'Phân tích giọng nói để phát hiện dối trá - rất thú vị!','2025-07-20 09:00:00','2025-07-20 09:00:00'),
('rev_023','u023','crs_005',4,'Nội dung độc đáo, chưa thấy khoá học nào như vậy.','2025-07-28 11:00:00','2025-07-28 11:00:00'),
('rev_024','u024','crs_005',5,'Học xong nhận ra nhiều tín hiệu tinh tế trong giọng nói.','2025-08-05 10:00:00','2025-08-05 10:00:00'),
('rev_025','u025','crs_007',5,'Khoá học về đồng cảm giúp tôi kết nối tốt hơn với gia đình.','2025-08-14 09:00:00','2025-08-14 09:00:00'),
('rev_026','u026','crs_007',4,'Nội dung ấm áp và có chiều sâu cảm xúc.','2025-08-22 11:00:00','2025-08-22 11:00:00'),
('rev_027','u027','crs_005',5,'Kỹ năng phân tích giọng nói nâng cấp đáng kể sau khoá học.','2025-08-30 10:00:00','2025-08-30 10:00:00'),
('rev_028','u028','crs_004',5,'Khoá học tuyệt vời cho ai làm vị trí quản lý.','2025-09-08 14:00:00','2025-09-08 14:00:00'),
('rev_029','u029','crs_004',5,'Thay đổi hoàn toàn phong cách lãnh đạo của tôi.','2025-09-18 09:00:00','2025-09-18 09:00:00'),
('rev_030','u030','crs_003',4,'EQ tốt giúp xây dựng mối quan hệ bền vững.','2025-09-26 11:00:00','2025-09-26 11:00:00'),
('rev_031','u031','crs_005',4,'Thú vị và bổ ích, nhưng cần thêm bài tập thực hành.','2025-10-14 10:00:00','2025-10-14 10:00:00'),
('rev_032','u032','crs_005',3,'Nội dung hay nhưng hơi khó tiếp cận với người mới.','2025-10-22 14:00:00','2025-10-22 14:00:00'),
('rev_033','u033','crs_007',5,'Cách dạy dễ hiểu, bài tập lắng nghe rất hiệu quả.','2025-10-30 09:00:00','2025-10-30 09:00:00'),
('rev_034','u034','crs_001',5,'Kiểm soát cảm xúc tiêu cực tốt hơn rất nhiều.','2025-11-12 11:00:00','2025-11-12 11:00:00'),
('rev_035','u035','crs_001',4,'Bài học về nỗi sợ rất thực tế và có thể áp dụng ngay.','2025-11-22 10:00:00','2025-11-22 10:00:00'),
('rev_036','u036','crs_007',5,'Khoá học ngắn gọn súc tích, rất đáng tiền.','2025-11-30 14:00:00','2025-11-30 14:00:00'),
('rev_037','u037','crs_003',5,'EQ tăng lên rõ rệt sau khi hoàn thành khoá học.','2025-12-10 09:00:00','2025-12-10 09:00:00'),
('rev_038','u038','crs_003',4,'Bài học về tự nhận thức cảm xúc rất sâu sắc.','2025-12-25 11:00:00','2025-12-25 11:00:00'),
-- Free course users
('rev_039','u039','course_001',5,'Khoá học miễn phí nhưng chất lượng rất tốt!','2025-04-10 10:00:00','2025-04-10 10:00:00'),
('rev_040','u040','course_001',4,'Dễ hiểu, phù hợp cho người mới bắt đầu.','2025-06-25 11:00:00','2025-06-25 11:00:00'),
('rev_041','u041','crs_002',5,'Ngôn ngữ cơ thể thú vị hơn tôi nghĩ.','2025-08-30 09:00:00','2025-08-30 09:00:00'),
('rev_042','u042','crs_002',4,'Bài học về ánh mắt trong giao tiếp rất hay.','2025-11-10 10:00:00','2025-11-10 10:00:00'),
('rev_043','u043','crs_006',5,'Hiểu hơn về cảm xúc trẻ em, rất hữu ích cho phụ huynh.','2025-12-15 09:00:00','2025-12-15 09:00:00'),
('rev_044','u044','crs_006',5,'Khoá học giúp tôi đồng hành tốt hơn với con.','2026-01-28 11:00:00','2026-01-28 11:00:00'),
('rev_045','u045','course_001',4,'Nền tảng tốt để học các khoá nâng cao hơn.','2025-05-30 10:00:00','2025-05-30 10:00:00'),
('rev_046','u046','crs_002',5,'Giờ đây tôi đọc được cảm xúc người khác tốt hơn nhiều.','2025-10-06 14:00:00','2025-10-06 14:00:00'),
('rev_047','u047','crs_006',4,'Nội dung bổ ích cho cả giáo viên lẫn phụ huynh.','2025-12-22 09:00:00','2025-12-22 09:00:00'),
('rev_048','u048','course_001',5,'Rất thích hệ thống nhận diện cảm xúc qua giọng nói.','2026-02-20 11:00:00','2026-02-20 11:00:00'),
('rev_049','u049','crs_002',4,'Khoá miễn phí chất lượng cao, cảm ơn!','2026-04-14 10:00:00','2026-04-14 10:00:00'),
('rev_050','u050','crs_006',5,'Con tôi học tốt hơn sau khi áp dụng kiến thức từ khoá này.','2026-04-14 11:00:00','2026-04-14 11:00:00');

-- ============================================================
-- WISHLISTS (50) — wls_001..wls_050 — mỗi cặp userId+courseId duy nhất, khác với enrolled
-- ============================================================
INSERT INTO wishlists (id, userId, courseId, createdAt) VALUES
('wls_001','u001','course_003','2025-01-10 10:00:00'),
('wls_002','u002','crs_003','2025-01-18 11:00:00'),
('wls_003','u003','crs_004','2025-01-25 09:00:00'),
('wls_004','u004','crs_004','2025-02-05 10:00:00'),
('wls_005','u005','crs_005','2025-02-12 11:00:00'),
('wls_006','u006','crs_003','2025-02-20 09:00:00'),
('wls_007','u007','crs_004','2025-02-28 10:00:00'),
('wls_008','u008','crs_001','2025-03-06 11:00:00'),
('wls_009','u009','crs_005','2025-03-14 09:00:00'),
('wls_010','u010','course_002','2025-03-22 10:00:00'),
('wls_011','u011','crs_003','2025-04-04 11:00:00'),
('wls_012','u012','crs_004','2025-04-12 09:00:00'),
('wls_013','u013','crs_004','2025-04-20 10:00:00'),
('wls_014','u014','crs_005','2025-04-27 11:00:00'),
('wls_015','u015','crs_004','2025-05-08 09:00:00'),
('wls_016','u016','crs_001','2025-05-16 10:00:00'),
('wls_017','u017','crs_005','2025-05-24 11:00:00'),
('wls_018','u018','crs_005','2025-06-05 09:00:00'),
('wls_019','u019','crs_003','2025-06-13 10:00:00'),
('wls_020','u020','crs_004','2025-06-22 11:00:00'),
('wls_021','u021','crs_005','2025-07-06 09:00:00'),
('wls_022','u022','crs_004','2025-07-14 10:00:00'),
('wls_023','u023','crs_004','2025-07-22 11:00:00'),
('wls_024','u024','crs_001','2025-07-30 09:00:00'),
('wls_025','u025','crs_004','2025-08-07 10:00:00'),
('wls_026','u026','crs_005','2025-08-15 11:00:00'),
('wls_027','u027','crs_004','2025-08-23 09:00:00'),
('wls_028','u028','crs_003','2025-09-04 10:00:00'),
('wls_029','u029','crs_005','2025-09-12 11:00:00'),
('wls_030','u030','crs_004','2025-09-20 09:00:00'),
('wls_031','u031','crs_001','2025-10-09 10:00:00'),
('wls_032','u032','crs_001','2025-10-18 11:00:00'),
('wls_033','u033','crs_003','2025-10-26 09:00:00'),
('wls_034','u034','crs_003','2025-11-07 10:00:00'),
('wls_035','u035','crs_004','2025-11-16 11:00:00'),
('wls_036','u036','crs_005','2025-11-24 09:00:00'),
('wls_037','u037','crs_004','2025-12-05 10:00:00'),
('wls_038','u038','crs_005','2025-12-22 11:00:00'),
('wls_039','u039','course_002','2025-04-05 09:00:00'),
('wls_040','u040','crs_001','2025-06-18 10:00:00'),
('wls_041','u041','course_003','2025-08-22 11:00:00'),
('wls_042','u042','crs_003','2025-11-03 09:00:00'),
('wls_043','u043','crs_003','2025-12-08 10:00:00'),
('wls_044','u044','crs_003','2026-01-23 11:00:00'),
('wls_045','u045','crs_003','2025-05-24 09:00:00'),
('wls_046','u046','crs_004','2025-09-28 10:00:00'),
('wls_047','u047','crs_005','2025-12-15 11:00:00'),
('wls_048','u048','crs_001','2026-02-14 09:00:00'),
('wls_049','u049','crs_005','2026-04-13 10:00:00'),
('wls_050','u050','crs_004','2026-04-14 11:00:00');

-- ============================================================
-- SEARCH HISTORIES (50) — sch_001..sch_050
-- ============================================================
INSERT INTO search_histories (id, userId, keyword, createdAt) VALUES
('sch_001','u001','nhận diện cảm xúc qua giọng nói','2025-01-06 09:00:00'),
('sch_002','u001','khoá học cảm xúc nâng cao','2025-01-07 10:00:00'),
('sch_003','u002','phân tích cảm xúc hỗn hợp','2025-01-14 11:00:00'),
('sch_004','u002','cảm xúc trong công việc','2025-01-20 09:00:00'),
('sch_005','u003','học cảm xúc cơ bản','2025-01-16 10:00:00'),
('sch_006','u004','khoá học chuyên sâu cảm xúc','2025-02-01 09:00:00'),
('sch_007','u005','trị liệu cảm xúc tiêu cực','2025-02-08 11:00:00'),
('sch_008','u006','kỹ năng nhận diện cảm xúc','2025-02-14 09:00:00'),
('sch_009','u007','bài tập cảm xúc thực hành','2025-02-22 10:00:00'),
('sch_010','u008','cảm xúc phức tạp nâng cao','2025-03-01 11:00:00'),
('sch_011','u009','nghiên cứu cảm xúc khoa học','2025-03-08 09:00:00'),
('sch_012','u010','quản lý tức giận hiệu quả','2025-03-18 10:00:00'),
('sch_013','u011','kỹ thuật kiểm soát cảm xúc tiêu cực','2025-04-01 11:00:00'),
('sch_014','u012','lo âu và nỗi sợ hãi','2025-04-08 09:00:00'),
('sch_015','u013','trí tuệ cảm xúc EQ','2025-04-15 10:00:00'),
('sch_016','u014','phát triển EQ toàn diện','2025-04-22 11:00:00'),
('sch_017','u015','EQ trong môi trường làm việc','2025-05-04 09:00:00'),
('sch_018','u016','lãnh đạo và cảm xúc','2025-05-12 10:00:00'),
('sch_019','u017','cảm xúc trong quản lý nhân sự','2025-05-20 11:00:00'),
('sch_020','u018','đồng cảm với nhân viên','2025-06-02 09:00:00'),
('sch_021','u019','vượt qua cảm xúc tiêu cực','2025-06-09 10:00:00'),
('sch_022','u020','tự nhận thức cảm xúc','2025-06-18 11:00:00'),
('sch_023','u021','lãnh đạo bằng cảm xúc','2025-07-03 09:00:00'),
('sch_024','u022','nhận diện nói dối','2025-07-10 10:00:00'),
('sch_025','u023','phân tích giọng nói micro','2025-07-18 11:00:00'),
('sch_026','u024','tốc độ nói và cảm xúc','2025-07-26 09:00:00'),
('sch_027','u025','đồng cảm kết nối cảm xúc','2025-08-04 10:00:00'),
('sch_028','u026','lắng nghe tích cực','2025-08-12 11:00:00'),
('sch_029','u027','phát hiện nói dối qua giọng nói','2025-08-20 09:00:00'),
('sch_030','u028','cảm xúc nhà lãnh đạo','2025-09-01 10:00:00'),
('sch_031','u029','xây dựng đội nhóm cảm xúc','2025-09-09 11:00:00'),
('sch_032','u030','kỹ năng EQ công sở','2025-09-17 09:00:00'),
('sch_033','u031','giọng nói và cảm xúc ẩn','2025-10-06 10:00:00'),
('sch_034','u032','kỹ thuật phát hiện căng thẳng','2025-10-14 11:00:00'),
('sch_035','u033','kết nối cảm xúc sâu sắc','2025-10-22 09:00:00'),
('sch_036','u034','kiểm soát cảm xúc tại nơi làm việc','2025-11-04 10:00:00'),
('sch_037','u035','cảm xúc tiêu cực và sức khỏe','2025-11-12 11:00:00'),
('sch_038','u036','xây dựng mối quan hệ qua đồng cảm','2025-11-20 09:00:00'),
('sch_039','u037','EQ và thành công sự nghiệp','2025-12-02 10:00:00'),
('sch_040','u038','học cảm xúc online','2025-12-16 11:00:00'),
('sch_041','u039','khoá học cảm xúc miễn phí','2025-03-30 09:00:00'),
('sch_042','u040','nhận diện cảm xúc cơ bản','2025-06-14 10:00:00'),
('sch_043','u041','ngôn ngữ cơ thể tiếng Việt','2025-08-19 11:00:00'),
('sch_044','u042','biểu cảm khuôn mặt','2025-10-30 09:00:00'),
('sch_045','u043','cảm xúc trẻ mầm non','2025-12-04 10:00:00'),
('sch_046','u044','phát triển cảm xúc con trẻ','2026-01-19 11:00:00'),
('sch_047','u045','khoá học cảm xúc người lớn','2025-05-20 09:00:00'),
('sch_048','u046','đọc ngôn ngữ cơ thể','2025-09-24 10:00:00'),
('sch_049','u047','hỗ trợ cảm xúc trẻ đặc biệt','2025-12-09 11:00:00'),
('sch_050','u048','cảm xúc và sức khỏe tâm thần','2026-02-10 09:00:00');

SET FOREIGN_KEY_CHECKS = 1;

